ResourceID,card,card_order,consecration_activity_religion
80cf2aaf-e610-5f6e-84fc-f7b67117e9b6,organisation,2,Rooms-Katholieke Kerk
e9a88519-a5fc-5135-bd46-1eaa2f44b7c8,organisation,2,Rooms-Katholieke Kerk
9cb122eb-48af-5b86-90fc-3fe1584916ef,organisation,2,Rooms-Katholieke Kerk
14125640-91d7-5f93-a492-37771c360398,organisation,2,Rooms-Katholieke Kerk
bf72dba4-2346-5678-8278-a1793378d325,organisation,2,Rooms-Katholieke Kerk
080233b4-2c32-5aed-9106-e8e8f0f826d5,organisation,2,Rooms-Katholieke Kerk
0369457a-1c0c-5f89-a012-91cf3b2e00d1,organisation,2,Rooms-Katholieke Kerk
168996a1-0945-511e-9d8e-5d6d5839d16f,organisation,2,Rooms-Katholieke Kerk
1ddb924e-52eb-5c53-b3e1-24cdc662dccf,organisation,2,Rooms-Katholieke Kerk
6fa89b6b-3d27-5d46-ae8a-bf629a86af74,organisation,2,Rooms-Katholieke Kerk
ba899f98-bc47-5a53-81f0-af3abf70c7ff,organisation,2,Rooms-Katholieke Kerk
c35bb424-9523-5bf7-83ea-5cd6dcc201ba,organisation,2,Rooms-Katholieke Kerk
54b63d3d-bd21-5315-b7ca-e934f61869fa,organisation,2,Rooms-Katholieke Kerk
bd87ee38-61a7-5dc2-a58d-7b1cc8da799a,organisation,2,Rooms-Katholieke Kerk
cc183b24-1fe5-5406-b044-487c120130c3,organisation,2,Rooms-Katholieke Kerk
ca9460cb-7b9a-52ac-abd0-ce84a1ab69dd,organisation,2,Rooms-Katholieke Kerk
9deb5b21-8443-5b19-9aee-2cb366664219,organisation,2,Rooms-Katholieke Kerk
430a0b70-60ce-5f05-84d4-550c8eff096a,organisation,2,Rooms-Katholieke Kerk
7e2e5ea1-4361-56f5-9a85-47e4eac4d564,organisation,2,Rooms-Katholieke Kerk
da94c65a-320a-5bb8-a653-b397dfce9128,organisation,2,Rooms-Katholieke Kerk
6b8e886e-c746-5a0d-943f-2ced1df5033a,organisation,2,Rooms-Katholieke Kerk
b00a84a5-9dc5-5b91-b7e7-4101db08db3f,organisation,2,Rooms-Katholieke Kerk
09130809-a37a-5be6-b7a3-dc0911cf1256,organisation,2,Rooms-Katholieke Kerk
a156e765-6b2c-5aaa-8226-dfddce71b1bc,organisation,2,Rooms-Katholieke Kerk
5fcc269d-ce15-5154-85a0-0fb0ac3c4975,organisation,2,Rooms-Katholieke Kerk
07e09d81-f12c-5a3c-bd91-c01d83a4ec60,organisation,2,Rooms-Katholieke Kerk
8dafeefc-c17e-5fcf-880a-329bcb087382,organisation,2,Rooms-Katholieke Kerk
bffcc106-2250-567b-975a-865b4b614c6e,organisation,2,Rooms-Katholieke Kerk
10e4537d-5299-5dc8-995c-308d11136415,organisation,2,Rooms-Katholieke Kerk
513a35f9-bf69-53fd-be8a-5d8bc9f971ee,organisation,2,Rooms-Katholieke Kerk
aad68ef7-cc06-527e-b191-d94436cd3438,organisation,2,Rooms-Katholieke Kerk
ac787a65-f6e9-59a8-9886-af96ed0b9c9d,organisation,2,Rooms-Katholieke Kerk
ca0b00f4-a421-533e-925c-1281603caf3f,organisation,2,Rooms-Katholieke Kerk
41adcf44-9767-5423-a020-139245a18064,organisation,2,Rooms-Katholieke Kerk
5e98c64a-847c-500e-a8db-984f1d026931,organisation,2,Rooms-Katholieke Kerk
b3b0dd1d-3278-53a6-8a58-ed55f512593e,organisation,2,Rooms-Katholieke Kerk
0e34d8ae-0d4a-53da-8891-34b12c6087ae,organisation,2,Rooms-Katholieke Kerk
ffdecf20-010d-5a5a-b92c-4343eabd8937,organisation,2,Rooms-Katholieke Kerk
f440c671-2dbb-5872-8565-13308b88224d,organisation,2,Rooms-Katholieke Kerk
9f46dbec-4fb4-5847-bbc0-cb71178a344f,organisation,2,Rooms-Katholieke Kerk
7d16f301-1a63-58b9-9e28-dbc45963f850,organisation,2,Rooms-Katholieke Kerk
929e68be-ab9c-5f07-b896-c4b2290b8a8f,organisation,2,Rooms-Katholieke Kerk
70ab0ee4-6263-5513-adcf-eea75b84e0a9,organisation,2,Rooms-Katholieke Kerk
34b5f849-8ce5-5e39-85b7-bb660e861a71,organisation,2,Rooms-Katholieke Kerk
bc03e18d-98c5-5336-a152-5f1472a7f9a9,organisation,2,Rooms-Katholieke Kerk
9a4ed6e8-6df9-507d-9e99-c19dc7745031,organisation,2,Rooms-Katholieke Kerk
dd45a26c-0a01-539f-91cf-29c2f641d216,organisation,2,Rooms-Katholieke Kerk
c115ef7c-a759-5c25-8b77-7d3506abb79a,organisation,2,Rooms-Katholieke Kerk
9ea9a8ea-d65a-56e9-b7d2-5b712d013d17,organisation,2,Rooms-Katholieke Kerk
54f7aef3-e6fa-586a-b30a-70dca8fa164b,organisation,2,Rooms-Katholieke Kerk
4161f148-d179-515b-96e1-eb0b94fd63f6,organisation,2,Rooms-Katholieke Kerk
08b0b20d-1a43-5a6f-aba6-f89fa156d98e,organisation,2,Rooms-Katholieke Kerk
0223f023-6826-5129-84c4-dcbcc4bef8d5,organisation,2,Rooms-Katholieke Kerk
96aa5d2c-cd07-5761-a566-56ddd130809f,organisation,2,Rooms-Katholieke Kerk
467f70ce-4b22-5693-8031-cae421b7bd83,organisation,2,Rooms-Katholieke Kerk
8de53384-93f0-598d-aedd-9e2969c2719a,organisation,2,Rooms-Katholieke Kerk
eefd4c5b-5b2c-5d87-afd9-9b7fa299feae,organisation,2,Rooms-Katholieke Kerk
0cc87e1e-0fb7-574e-81e5-2ad2bce42e3a,organisation,2,Rooms-Katholieke Kerk
5e079d66-f9c4-5fe2-b192-4b8229642833,organisation,2,Rooms-Katholieke Kerk
83b9eb2b-9ee3-5439-afda-f8fc98ab16a9,organisation,2,Rooms-Katholieke Kerk
829404be-d109-5909-8a85-b3348b9eb975,organisation,2,Rooms-Katholieke Kerk
42547302-d297-5e8c-bc05-b9b0b1c4d732,organisation,2,Rooms-Katholieke Kerk
6760df02-2096-5edd-b83d-2300fec63a4c,organisation,2,Rooms-Katholieke Kerk
a3c3ed88-08a7-5d29-8cd0-e5ce6ef6c6ea,organisation,2,Rooms-Katholieke Kerk
42a3501c-30fe-59d6-a28a-51bdeb7f61a3,organisation,2,Rooms-Katholieke Kerk
e218ee54-53ea-57e0-9eaa-321ff2145173,organisation,2,Rooms-Katholieke Kerk
c9e7c641-be32-5c10-a8a5-eaddb94a9445,organisation,2,Rooms-Katholieke Kerk
2b69233b-525a-5b62-9145-8e6326580464,organisation,2,Rooms-Katholieke Kerk
fb775f28-179f-56c6-bb6c-38d17e236dca,organisation,2,Rooms-Katholieke Kerk
e18affcc-2808-5faa-b5a8-503d686b025e,organisation,2,Rooms-Katholieke Kerk
579052de-2417-5f94-a9d9-11f5630f9144,organisation,2,Rooms-Katholieke Kerk
2a135a2e-fdbc-5f04-8ad2-d1937b1a77f9,organisation,2,Rooms-Katholieke Kerk
19485b13-759f-5e8a-8792-69a8ffb74916,organisation,2,Rooms-Katholieke Kerk
8d5230cd-3a15-52c6-b3be-30fe0c63623c,organisation,2,Rooms-Katholieke Kerk
ec772540-78ff-5ea7-89d0-5772bdcae934,organisation,2,Rooms-Katholieke Kerk
940bb9d3-f2d3-549e-be91-0f11c4029ef3,organisation,2,Rooms-Katholieke Kerk
9f4faaff-4ebf-5dde-960f-63e2c1a59729,organisation,2,Rooms-Katholieke Kerk
fe1acf11-c5c7-57b1-a3b5-62b49b66dca2,organisation,2,Rooms-Katholieke Kerk
76982d65-6b00-5071-a71c-ead87e845b62,organisation,2,Rooms-Katholieke Kerk
1152b1c5-4030-5574-9115-38caacdde06d,organisation,2,Rooms-Katholieke Kerk
6f739e83-47e7-571f-8724-26a83cd41412,organisation,2,Rooms-Katholieke Kerk
80ddcc02-13a5-542b-803d-816262967447,organisation,2,Rooms-Katholieke Kerk
edeccf81-5d87-5967-bb3c-8b97dcfd7b9d,organisation,2,Rooms-Katholieke Kerk
fceee46c-676e-5788-97c5-181980427299,organisation,2,Rooms-Katholieke Kerk
dc071ed5-accd-540d-abfd-88a0b596792c,organisation,2,Rooms-Katholieke Kerk
113eca4e-5254-5ded-b4a7-2ed79ccdeaf6,organisation,2,Rooms-Katholieke Kerk
72312b03-0eb6-5c91-870a-088544e7d233,organisation,2,Rooms-Katholieke Kerk
572ba81c-fcc6-534f-b6e2-9ac9865100bc,organisation,2,Rooms-Katholieke Kerk
0bdbcc03-1b61-5dff-877e-392c02544ad3,organisation,2,Rooms-Katholieke Kerk
0c653b3b-d32f-5aa7-89a3-dd3beeb4da02,organisation,2,Rooms-Katholieke Kerk
3742e525-c3e4-5a87-8d8b-464d7bf44e5c,organisation,2,Rooms-Katholieke Kerk
c5361ee9-3468-5598-92b1-4cb58f6c8202,organisation,2,Rooms-Katholieke Kerk
d8988f68-30ac-5509-8f60-2f053ac8e897,organisation,2,Rooms-Katholieke Kerk
e0422d6a-044a-5781-8403-5d94d0440ec3,organisation,2,Rooms-Katholieke Kerk
ad20574f-db3a-512c-8dcb-32592b969858,organisation,2,Rooms-Katholieke Kerk
e0121842-6478-5073-8794-975c3ea8931b,organisation,2,Rooms-Katholieke Kerk
d32b7d8f-304b-540c-bd87-3c8a4ff6daf0,organisation,2,Rooms-Katholieke Kerk
4368dd63-86fe-58ee-9d7b-9f3699e5c74d,organisation,2,Rooms-Katholieke Kerk
fc000ad1-2a8a-5a56-8e0b-dcee870eb876,organisation,2,Rooms-Katholieke Kerk
607ab3ab-af02-583d-a43c-50037305a8be,organisation,2,Rooms-Katholieke Kerk
3bc0171c-7dcd-556a-afe6-2b1e9e46ff3d,organisation,2,Rooms-Katholieke Kerk
61d9cb85-ed7b-54ab-8639-a781f75020b6,organisation,2,Rooms-Katholieke Kerk
d00643e4-f44a-5a0d-91a6-1c178ed3fff3,organisation,2,Rooms-Katholieke Kerk
73e9439e-870b-595b-a6c4-2e778e8d41a1,organisation,2,Rooms-Katholieke Kerk
a370a484-38ce-5cda-860e-4c6cc3503225,organisation,2,Rooms-Katholieke Kerk
c1627ac7-bdfe-534e-8991-84dc80b17b9e,organisation,2,Rooms-Katholieke Kerk
f580b08a-757d-564a-8371-c4afc412bce5,organisation,2,Rooms-Katholieke Kerk
b970177b-9656-5f1e-a1d5-e3f6425c1353,organisation,2,Rooms-Katholieke Kerk
9517dabd-5ea1-565d-b947-4c468a6ecf2f,organisation,2,Rooms-Katholieke Kerk
ebbf95b5-4e77-5eda-afed-377a4db77308,organisation,2,Rooms-Katholieke Kerk
99b33c54-1eb8-5301-aafb-4b70d9ca6b8f,organisation,2,Rooms-Katholieke Kerk
b90689eb-4562-513a-9cd5-7b480db1027a,organisation,2,Rooms-Katholieke Kerk
ad73bed5-1b59-5b42-9d8f-c5e66a849bd7,organisation,2,Rooms-Katholieke Kerk
f84d6001-badf-5454-aed0-91b9b31866d0,organisation,2,Rooms-Katholieke Kerk
6397f10b-41a8-5a77-b8a1-d7b4dfb36fe1,organisation,2,Rooms-Katholieke Kerk
3c9041e5-3a6c-5ada-82b7-231f5b4b4729,organisation,2,Rooms-Katholieke Kerk
e3bff2ed-4bd4-5de1-9c10-8361793ae866,organisation,2,Rooms-Katholieke Kerk
598a4fa3-e04d-5b14-ac65-bc7ef4d0761d,organisation,2,Rooms-Katholieke Kerk
f6dacb1a-9e17-50b1-b6df-57e0119b9403,organisation,2,Rooms-Katholieke Kerk
cfae1fba-c70f-5984-a420-c7b1a87ab3dd,organisation,2,Rooms-Katholieke Kerk
b4e0c715-0f19-53ab-9594-963d3ef6138f,organisation,2,Rooms-Katholieke Kerk
6ac5a13f-3d4c-5405-a9c5-686700ea4fc7,organisation,2,Rooms-Katholieke Kerk
630f2504-2d9f-534d-a5c3-78aa57e45385,organisation,2,Rooms-Katholieke Kerk
4bfad45b-d24c-516e-9f63-c91dd2f3e862,organisation,2,Rooms-Katholieke Kerk
484d911d-8642-591b-9d3a-1a45c6c8af70,organisation,2,Rooms-Katholieke Kerk
8bfc8250-8a12-5d6d-a560-e4c5c258da7a,organisation,2,Rooms-Katholieke Kerk
2b72ba2d-b1d9-5463-b3cd-558bdb834b7f,organisation,2,Rooms-Katholieke Kerk
cb41a9da-e65e-5fd2-8e99-74e27787ac07,organisation,2,Rooms-Katholieke Kerk
3ca501de-2563-554e-9fa3-b33dbe96d341,organisation,2,Rooms-Katholieke Kerk
6ab14e1f-17fb-5784-9e48-edaf19f317bd,organisation,2,Rooms-Katholieke Kerk
8f14e24b-3c74-575a-b885-99934b405f4b,organisation,2,Rooms-Katholieke Kerk
41bf7329-883e-5d31-842f-930ee7995be6,organisation,2,Rooms-Katholieke Kerk
36725271-20bf-5690-93fd-09c90e51ef75,organisation,2,Rooms-Katholieke Kerk
a6570771-7b88-5546-aece-8b7e3c559ee0,organisation,2,Rooms-Katholieke Kerk
a63b7242-184a-56ac-8000-a54d47e62cda,organisation,2,Rooms-Katholieke Kerk
00048b7e-12e0-59c0-bc5f-ab3262f8480f,organisation,2,Rooms-Katholieke Kerk
509f3a9b-b564-50f6-978a-d9197729d347,organisation,2,Rooms-Katholieke Kerk
92f5e4d2-dd14-568a-895b-56702d7aa6cc,organisation,2,Rooms-Katholieke Kerk
f943e5f9-f5f8-501a-a6f2-5a2e3dac98f5,organisation,2,Rooms-Katholieke Kerk
369f8060-66d9-50c6-ba3f-c83814e44e6c,organisation,2,Rooms-Katholieke Kerk
ee7b2939-fbd6-5c30-ba34-775ba94e3fcd,organisation,2,Rooms-Katholieke Kerk
11ef7231-d42e-5fb9-8b52-a570db1addd2,organisation,2,Rooms-Katholieke Kerk
0e70823d-d977-5f5d-96c7-e035d8d78d31,organisation,2,Rooms-Katholieke Kerk
a3bfe1c3-fd20-517b-b7a2-f13a2ca293bf,organisation,2,Rooms-Katholieke Kerk
b98da018-843b-5f94-9659-82ce80c5c446,organisation,2,Rooms-Katholieke Kerk
56227d5d-5a06-5471-9163-181a20b455de,organisation,2,Rooms-Katholieke Kerk
20a68559-308b-5f7c-93fb-14cda95cda1e,organisation,2,Rooms-Katholieke Kerk
e3a9d308-1200-544e-8f22-03ce64c3ba27,organisation,2,Rooms-Katholieke Kerk
213b5071-8d21-57bc-9ea4-4cd69dd70638,organisation,2,Rooms-Katholieke Kerk
b6a5fda8-612d-5bea-a47e-163f9ec0d0df,organisation,2,Rooms-Katholieke Kerk
ce2bc44e-1d5f-55bd-863a-c04946db248c,organisation,2,Rooms-Katholieke Kerk
ec684b48-c1fe-5e7e-990a-19be09caabca,organisation,2,Rooms-Katholieke Kerk
e24701af-0ba4-5f94-9b5a-6cc2bef4e798,organisation,2,Rooms-Katholieke Kerk
ed43bb58-27a0-5dd9-bc8b-2893f8be1792,organisation,2,Rooms-Katholieke Kerk
e7dcf4c6-8378-502e-9c2a-3acc6f8169dd,organisation,2,Rooms-Katholieke Kerk
bcdd71fe-bfec-54a5-94fa-54aab940034e,organisation,2,Rooms-Katholieke Kerk
9555c4be-9dbd-51b2-b131-b24e90d03f03,organisation,2,Rooms-Katholieke Kerk
ca0c8140-6ff2-5996-9945-0a2859c6d854,organisation,2,Rooms-Katholieke Kerk
54d69203-c5ad-5650-9dee-b9ec5f961ea5,organisation,2,Rooms-Katholieke Kerk
8a65e97e-f0ae-55ee-a0e8-8147bb8cd67f,organisation,2,Rooms-Katholieke Kerk
3cd729e5-39cb-55d6-852e-bac6e31a201c,organisation,2,Rooms-Katholieke Kerk
09584e59-0a9b-55e6-9ab8-dc3e98d430e5,organisation,2,Rooms-Katholieke Kerk
b9c2dda9-fea3-5df5-97de-4c046c8d69d7,organisation,2,Rooms-Katholieke Kerk
e77262f2-91bf-5213-801a-1732868b237f,organisation,2,Rooms-Katholieke Kerk
a080542b-576f-5f6b-93eb-0d82647caf04,organisation,2,Rooms-Katholieke Kerk
2017a0d9-3659-55e7-9ad8-455b6495b05b,organisation,2,Rooms-Katholieke Kerk
eaf4b093-fa48-552a-b09c-d14d6d056dd4,organisation,2,Rooms-Katholieke Kerk
71039118-441b-5817-b2ac-e2dc57c1f345,organisation,2,Rooms-Katholieke Kerk
645a46d8-4ab9-57ef-8c38-240f6f73d78c,organisation,2,Rooms-Katholieke Kerk
a7078a12-140c-5f68-aacc-645e94bc06ce,organisation,2,Rooms-Katholieke Kerk
65c96fb7-b5db-5d5a-b7c4-7cbf82f23ce1,organisation,2,Rooms-Katholieke Kerk
8995c20e-20b0-500e-a9da-66bbf73cda2f,organisation,2,Rooms-Katholieke Kerk
f31aa746-c76f-58d1-9c75-33cd63e746f4,organisation,2,Rooms-Katholieke Kerk
e5b16f5b-b7f7-51c7-9a81-bff51f44a88e,organisation,2,Rooms-Katholieke Kerk
312503f3-eeaf-5ba3-a148-3c33a35bcb21,organisation,2,Rooms-Katholieke Kerk
be7db694-5601-5155-9655-7ac0a3ff370c,organisation,2,Rooms-Katholieke Kerk
691987fb-1d1e-53ff-8030-a1493e039e41,organisation,2,Rooms-Katholieke Kerk
bbccf2b1-1d60-58cc-93b3-7ca6b1795b70,organisation,2,Rooms-Katholieke Kerk
8f3c7f95-662a-57b0-956c-0e9edbbf91e1,organisation,2,Rooms-Katholieke Kerk
f8dd72c5-01b3-57fc-95e2-6b6e8bf2a13a,organisation,2,Rooms-Katholieke Kerk
66f34326-851f-52bb-8977-03ceda9430bb,organisation,2,Rooms-Katholieke Kerk
81896c9f-193c-5bfb-ae66-4b144fa72cf0,organisation,2,Rooms-Katholieke Kerk
d124fc3f-bf5d-5d45-a16d-793d0b307bd7,organisation,2,Rooms-Katholieke Kerk
6172feda-b201-5b7a-8241-2e50a6075a9f,organisation,2,Rooms-Katholieke Kerk
f915b850-a445-59da-b3e5-d57b6772ec5c,organisation,2,Rooms-Katholieke Kerk
0e480d49-4ba6-5088-a802-d17e5ab49556,organisation,2,Rooms-Katholieke Kerk
9f577f1f-5a13-5c86-b9fb-629f309f0c00,organisation,2,Rooms-Katholieke Kerk
52a60925-48ab-5fcf-b7f6-6627b05f74a0,organisation,2,Rooms-Katholieke Kerk
504126a4-e154-5ee7-a56d-88a29434bae4,organisation,2,Rooms-Katholieke Kerk
7debc547-a822-5d9a-84f2-d114d6675b69,organisation,2,Rooms-Katholieke Kerk
a1817340-b0ce-5a51-a571-a110a84be074,organisation,2,Rooms-Katholieke Kerk
ba8350e2-af64-523e-8923-78240384874b,organisation,2,Rooms-Katholieke Kerk
39d9acc9-e185-56da-997e-f7f819784f36,organisation,2,Rooms-Katholieke Kerk
4d174c39-ee56-548c-b030-64cdd8cfcd62,organisation,2,Rooms-Katholieke Kerk
27bba820-c704-57d1-846b-f55d3ac56803,organisation,2,Rooms-Katholieke Kerk
a5e60aea-2dcf-534b-8772-725cca05482f,organisation,2,Rooms-Katholieke Kerk
6d6ec8cb-a2ac-5abd-8131-fc20280b2e0c,organisation,2,Rooms-Katholieke Kerk
7e2ba084-970a-5eb3-9acd-c1da8dbccc4d,organisation,2,Rooms-Katholieke Kerk
594f0422-4d4c-51e8-897b-0acebc685c8f,organisation,2,Rooms-Katholieke Kerk
2253ef4e-5ebd-5a98-849b-cec8cdff9644,organisation,2,Rooms-Katholieke Kerk
6f8bd3f0-ccbe-55bd-b026-9fce7cacc40f,organisation,2,Rooms-Katholieke Kerk
b67b3fb4-fd65-5c81-ba7f-800031bba50a,organisation,2,Rooms-Katholieke Kerk
88abcf6e-d2f5-537a-81eb-8bef23ae1b06,organisation,2,Rooms-Katholieke Kerk
42d5101d-67c4-5a1c-82ab-8ad54277ef1c,organisation,2,Rooms-Katholieke Kerk
ad513b88-a478-55df-9b17-28b72acbc0e7,organisation,2,Rooms-Katholieke Kerk
c85af1e7-af34-545c-b29a-42fc9e695190,organisation,2,Rooms-Katholieke Kerk
ca4373be-d2c5-536f-b270-2321e012b1e5,organisation,2,Rooms-Katholieke Kerk
54fb87e7-c810-543c-9c80-f73ec0567782,organisation,2,Rooms-Katholieke Kerk
62814707-912c-509d-ab9e-20fb36aea8a8,organisation,2,Rooms-Katholieke Kerk
36b9bd68-f0f4-50b8-9c67-40dcf75df97b,organisation,2,Rooms-Katholieke Kerk
778a9605-9db5-5ccd-a08a-4b2d02f772cf,organisation,2,Rooms-Katholieke Kerk
da001e5d-4020-5634-80d4-ff70aa9a5985,organisation,2,Rooms-Katholieke Kerk
6a99f407-6a95-58a2-b8eb-4f97f2849028,organisation,2,Rooms-Katholieke Kerk
a1ba8de5-e6cb-5db9-a59b-9492a3895d74,organisation,2,Rooms-Katholieke Kerk
784b02fb-9dea-5a84-982e-39e427be7275,organisation,2,Rooms-Katholieke Kerk
c5dea0ef-63f1-5505-9ebe-f5d9952c45a5,organisation,2,Rooms-Katholieke Kerk
69c81336-9908-561d-a2b7-5103a5735b4d,organisation,2,Rooms-Katholieke Kerk
d1af32d3-0eff-5d7a-b5cb-d11cfba7aad4,organisation,2,Rooms-Katholieke Kerk
1390a0a1-f6dc-56ae-870d-3165771b25c2,organisation,2,Rooms-Katholieke Kerk
2af1a578-ebfe-53c1-8576-f6dd6460d28d,organisation,2,Rooms-Katholieke Kerk
8dce2fdd-14a1-55ff-afc1-d6238785fc04,organisation,2,Rooms-Katholieke Kerk
5a0f72e7-792b-5596-b861-dc29c7381ac6,organisation,2,Rooms-Katholieke Kerk
7824d8ad-0c02-52b5-8e4f-d687efabb5a7,organisation,2,Rooms-Katholieke Kerk
a76225e1-24d6-5dd8-b747-4ff4b8aa9ac7,organisation,2,Rooms-Katholieke Kerk
5094d4c8-a4be-5e5a-8dca-2924d5176c9f,organisation,2,Rooms-Katholieke Kerk
5036d73b-73d6-5ca9-99c2-ef1d0cd37a08,organisation,2,Rooms-Katholieke Kerk
6b3a6e8c-5fae-5e38-b164-9e607c42178d,organisation,2,Rooms-Katholieke Kerk
d2f2ffda-d62a-5bf5-8dec-a6d69b81fbb9,organisation,2,Rooms-Katholieke Kerk
315ec1d5-e27a-5495-b08f-128a125ffbea,organisation,2,Rooms-Katholieke Kerk
1547f0b5-8f30-5f7e-94f7-e805749d80c8,organisation,2,Rooms-Katholieke Kerk
33ef5ba3-0ef4-5f6f-b39b-e8d35942d687,organisation,2,Rooms-Katholieke Kerk
32aab516-047e-5b61-b466-b6fa1fc39e19,organisation,2,Rooms-Katholieke Kerk
1cdd4a3d-38f3-56a6-9412-21f919f8d785,organisation,2,Rooms-Katholieke Kerk
b39cfb72-c820-5099-8264-c91130193deb,organisation,2,Rooms-Katholieke Kerk
7bf3b848-e9ed-5991-afce-e8011b804dde,organisation,2,Rooms-Katholieke Kerk
4a7d95da-7af1-5027-9e0f-6a57c1827c8d,organisation,2,Rooms-Katholieke Kerk
076da7b5-7a6e-577a-9992-da9780aba083,organisation,2,Rooms-Katholieke Kerk
4836ba79-8723-5b64-b660-7e7d25612b09,organisation,2,Rooms-Katholieke Kerk
ca4ef0c9-4c97-5608-9b03-1eba30e12223,organisation,2,Rooms-Katholieke Kerk
fb6f8bfc-50ee-52e3-98bf-3a46b376277f,organisation,2,Rooms-Katholieke Kerk
b1b9bcc1-a565-58e8-a4ee-b3d4b702f443,organisation,2,Rooms-Katholieke Kerk
e345cc5d-7c66-5d85-a503-f0531629358d,organisation,2,Rooms-Katholieke Kerk
17bfa800-fe80-555a-a8a6-6133794986c5,organisation,2,Rooms-Katholieke Kerk
74a3e087-4474-58e8-9f3c-d8e4ef5cb049,organisation,2,Rooms-Katholieke Kerk
774671a9-f11c-5724-9233-604fe8a86898,organisation,2,Rooms-Katholieke Kerk
c58d589e-b5ee-57b5-ad8d-ce7e16c07456,organisation,2,Rooms-Katholieke Kerk
84923d7a-4366-5887-8219-874a670255e9,organisation,2,Rooms-Katholieke Kerk
c9a0b690-ca72-50a2-9e65-220c844b7e29,organisation,2,Rooms-Katholieke Kerk
a7d4e97f-6748-5199-b52e-fcfaf6dd5e84,organisation,2,Rooms-Katholieke Kerk
c25c2079-80f5-551a-af9c-0184abbf0650,organisation,2,Rooms-Katholieke Kerk
b58d8977-777a-5440-aacb-2fd010030629,organisation,2,Rooms-Katholieke Kerk
6ea51448-75d6-5c0d-b71b-84ac94bcc1a5,organisation,2,Rooms-Katholieke Kerk
36fcf4f4-0d51-54cb-a784-a087d277d203,organisation,2,Rooms-Katholieke Kerk
7b785c84-1797-5134-b871-a83c2d99b285,organisation,2,Rooms-Katholieke Kerk
21c7de08-57d8-54b6-a375-31522000a516,organisation,2,Rooms-Katholieke Kerk
a6da9c92-5491-5d14-97a2-b3830c378dcd,organisation,2,Rooms-Katholieke Kerk
a5feb217-8cbb-54d3-8ec7-74019403e870,organisation,2,Rooms-Katholieke Kerk
0b555b5c-d71f-5519-899b-a5f1b23e34bf,organisation,2,Rooms-Katholieke Kerk
e870436b-9a89-51d5-aa8a-2d9f3fef6969,organisation,2,Rooms-Katholieke Kerk
e3718e86-f962-525b-b484-b21b41614893,organisation,2,Rooms-Katholieke Kerk
36558915-a04b-5771-8299-633db1d393a8,organisation,2,Rooms-Katholieke Kerk
f95c88b1-234f-5e7c-a257-352ad3dfecd4,organisation,2,Rooms-Katholieke Kerk
663ee48b-04a3-5114-9f44-7b516d0fa87b,organisation,2,Rooms-Katholieke Kerk
9cbcfad9-dbc1-5e9f-acbf-a9f18148df29,organisation,2,Rooms-Katholieke Kerk
5a82f207-79fe-5f68-a76a-188c996bb2b1,organisation,2,Rooms-Katholieke Kerk
2f3e0563-12cd-59d8-8295-f02d17991208,organisation,2,Rooms-Katholieke Kerk
26b53a4e-b4fa-5856-ad7a-a32f2cae4847,organisation,2,Rooms-Katholieke Kerk
f1babd84-2c54-5cca-aa86-bdf4b96b68d6,organisation,2,Rooms-Katholieke Kerk
0f804443-d078-566b-907a-098f61f5cc7a,organisation,2,Rooms-Katholieke Kerk
56686652-b5f2-57c3-87b7-c06dcbff2e5a,organisation,2,Rooms-Katholieke Kerk
2ca3df1f-0e84-520b-89aa-cef9fe102e81,organisation,2,Rooms-Katholieke Kerk
3f48a94c-408a-551f-ba81-8a33f55386a0,organisation,2,Rooms-Katholieke Kerk
c2db5d5d-d49d-5a18-9870-d255ebf2a5c8,organisation,2,Rooms-Katholieke Kerk
44d29f18-592d-5e8d-8f71-654b2afaaae4,organisation,2,Rooms-Katholieke Kerk
ed0d67c9-d4cf-55a7-8114-df8962124052,organisation,2,Rooms-Katholieke Kerk
b7a92d1d-ff65-5a7f-8d4f-07154071728b,organisation,2,Rooms-Katholieke Kerk
197dd216-3f9f-5a0d-9a87-d1f934c74df6,organisation,2,Rooms-Katholieke Kerk
988eb789-c891-5c59-9775-a156e654574a,organisation,2,Rooms-Katholieke Kerk
4f273858-5ea8-58e3-989b-0bda441566ae,organisation,2,Rooms-Katholieke Kerk
488f67c6-b37c-5f6a-a126-db78c465ffe2,organisation,2,Rooms-Katholieke Kerk
665b0cb9-9de9-5a36-a43e-2072738e5981,organisation,2,Rooms-Katholieke Kerk
65047b3f-cc38-5f6f-89f1-6a1b564e3ddd,organisation,2,Rooms-Katholieke Kerk
ad1603b8-8e2b-5203-88f4-eccef54ff26e,organisation,2,Rooms-Katholieke Kerk
67e4fa0e-e9c4-561c-ac30-4c0bfe1f7dc8,organisation,2,Rooms-Katholieke Kerk
0690ff8c-2804-5ac4-abb2-0cf9ef7b34c7,organisation,2,Rooms-Katholieke Kerk
13d21af1-b868-5506-9f1e-0b458bcc8965,organisation,2,Rooms-Katholieke Kerk
c2a775c2-127c-5f62-9a91-facc15254954,organisation,2,Rooms-Katholieke Kerk
99da13fb-f226-5243-bcaf-47d3e015e8e8,organisation,2,Rooms-Katholieke Kerk
f4c7e945-19d3-5bb4-91f6-c978e9e5f29b,organisation,2,Rooms-Katholieke Kerk
fbda797a-882d-5536-a3e3-128e33cc11ec,organisation,2,Rooms-Katholieke Kerk
30ad9800-dcf2-5796-9ca3-2963d7aaa5ac,organisation,2,Rooms-Katholieke Kerk
ae20d792-fe69-531e-b0fa-d8fb272e105c,organisation,2,Rooms-Katholieke Kerk
51061681-dab3-5965-8bb7-6bb4e423bcdb,organisation,2,Rooms-Katholieke Kerk
90faad60-34ef-50a8-9b4a-a3bee05d4371,organisation,2,Rooms-Katholieke Kerk
3c584825-e9d1-5367-910c-59cd9f73c2ce,organisation,2,Rooms-Katholieke Kerk
3dfe0de4-a29a-5bc6-92fd-4b74b78f40e0,organisation,2,Rooms-Katholieke Kerk
befb1590-d5a5-5e7b-b041-0c150ef93b19,organisation,2,Rooms-Katholieke Kerk
5da9ebc7-7f00-58c0-9ce4-3386638737ad,organisation,2,Rooms-Katholieke Kerk
e480c35e-3319-50d3-9c26-cd73ad073996,organisation,2,Rooms-Katholieke Kerk
2a0da8e2-1cd0-5077-b4ea-475e47098b7b,organisation,2,Rooms-Katholieke Kerk
dcbb9484-6086-5870-8dbd-2a4c0aa4ccad,organisation,2,Rooms-Katholieke Kerk
1c907a1e-63a2-52d5-afc5-893e77be018c,organisation,2,Rooms-Katholieke Kerk
3e0f479a-4711-5c3a-86f7-18cf58c36d72,organisation,2,Rooms-Katholieke Kerk
234a0346-71d2-5d63-8493-c128c1878c01,organisation,2,Rooms-Katholieke Kerk
af371017-9f03-5da3-9055-9176435fc8fc,organisation,2,Rooms-Katholieke Kerk
750b1fff-184b-53c9-9920-229a35f237f2,organisation,2,Rooms-Katholieke Kerk
417ccb5e-2711-53ce-be1c-ecbc3aaf2d7e,organisation,2,Rooms-Katholieke Kerk
af2f30d6-a0fb-5bc1-bc90-e753e8b89821,organisation,2,Rooms-Katholieke Kerk
1ea65d1b-ec59-5033-a65b-695b005783d4,organisation,2,Rooms-Katholieke Kerk
584efe6b-5448-5b62-a280-2133feef1df1,organisation,2,Rooms-Katholieke Kerk
8ef0637d-bb0b-59e5-a3e9-56c1ed1d8f25,organisation,2,Rooms-Katholieke Kerk
8c14ab18-acde-5b60-b2cf-5405e4d80b75,organisation,2,Rooms-Katholieke Kerk
c22f396d-d6cc-5419-b309-fdc22c980f0d,organisation,2,Rooms-Katholieke Kerk
3be19181-6de5-5511-ad53-074c13d107be,organisation,2,Rooms-Katholieke Kerk
5ebd5482-88bb-5405-b204-0fef5cfbadf3,organisation,2,Rooms-Katholieke Kerk
4323da56-3a13-50c0-8cd2-b2206470ebcd,organisation,2,Rooms-Katholieke Kerk
2513a481-270b-5be4-95bb-e31d2788ed59,organisation,2,Rooms-Katholieke Kerk
c5866b1e-ea54-51d2-8d99-4cdd1b71ff82,organisation,2,Rooms-Katholieke Kerk
5dd5bd7d-dd23-599b-9c3e-ea228ece2eee,organisation,2,Rooms-Katholieke Kerk
21378a2f-bcae-5a29-8e54-949798da7d50,organisation,2,Rooms-Katholieke Kerk
c90a939f-846e-5244-8772-9c06676f1a85,organisation,2,Rooms-Katholieke Kerk
0f97ead7-dd63-5409-95a6-b87924e7a643,organisation,2,Rooms-Katholieke Kerk
d4495632-6cc0-5769-9de5-afd9f91fd6ed,organisation,2,Rooms-Katholieke Kerk
9154550d-32d0-510d-a280-bae23d355798,organisation,2,Rooms-Katholieke Kerk
2f1cfc72-e6db-5491-bd54-dfd3e8e624c8,organisation,2,Rooms-Katholieke Kerk
dfa57f9c-a9e7-5dfa-bd7a-c7b46ec4e9bd,organisation,2,Rooms-Katholieke Kerk
e756923e-2f9a-5387-88c7-b586fe9d5dcc,organisation,2,Rooms-Katholieke Kerk
f10893d4-30a1-5de1-a667-5540e71a4b55,organisation,2,Rooms-Katholieke Kerk
f18f1d6f-9ff1-5834-842d-ef0b440e9133,organisation,2,Rooms-Katholieke Kerk
7ebd6a6e-f5b7-5835-9a11-a0ae06463816,organisation,2,Rooms-Katholieke Kerk
54dd30d7-25d7-598e-9fd7-66344f4f8309,organisation,2,Rooms-Katholieke Kerk
d7c76a7a-8ad7-5991-b0a6-b1fa6dcd0bba,organisation,2,Rooms-Katholieke Kerk
19888572-a3c5-5d75-a6c1-d826b830e55f,organisation,2,Rooms-Katholieke Kerk
1a7f1aa9-c0e6-5461-9ecf-8ea573bdd212,organisation,2,Rooms-Katholieke Kerk
db8db16d-fdfd-5ea8-83f6-8de649ab6111,organisation,2,Rooms-Katholieke Kerk
54f77a86-89f9-587b-ae40-e3b7f9deab09,organisation,2,Rooms-Katholieke Kerk
96345b0f-78fc-5519-acd9-276ddf5e10ab,organisation,2,Rooms-Katholieke Kerk
cc58296d-a3c5-51df-a08f-77494326fced,organisation,2,Rooms-Katholieke Kerk
462dd0b0-f5de-5652-a7b7-c5fa6be6ca7c,organisation,2,Rooms-Katholieke Kerk
a95d7f1b-152f-5ce5-8f65-c21d4e9415d4,organisation,2,Rooms-Katholieke Kerk
f06ec4d1-5860-5e88-8b79-f45538c2eb18,organisation,2,Rooms-Katholieke Kerk
8409d030-740a-5752-812e-f59fd8fc603f,organisation,2,Rooms-Katholieke Kerk
17afa45a-6156-5758-a6d5-dc2cb3f0621f,organisation,2,Rooms-Katholieke Kerk
365c3077-a7ad-5a18-965b-1c8d81f07ca1,organisation,2,Rooms-Katholieke Kerk
1d3ff56c-60ab-575f-b978-cbc5317df647,organisation,2,Rooms-Katholieke Kerk
29ebc2a7-b391-51a2-bc07-d6b16d590ade,organisation,2,Rooms-Katholieke Kerk
4427ce72-4a50-5bc2-8cbb-3b5e5bd44410,organisation,2,Rooms-Katholieke Kerk
570fac04-f520-5b50-9f88-91ab7d892e2a,organisation,2,Rooms-Katholieke Kerk
5be4a61b-8e88-5707-819c-248030ec82dd,organisation,2,Rooms-Katholieke Kerk
c88d8f4f-2c22-5452-bbec-c2af6e3d4ca2,organisation,2,Rooms-Katholieke Kerk
f26e256c-e9ec-5958-9676-6cdbb12d4898,organisation,2,Rooms-Katholieke Kerk
ca5ae4b3-b44e-58b7-8b72-313f843a10fa,organisation,2,Rooms-Katholieke Kerk
836a11f8-8e67-52fe-8404-f2a433ace5d5,organisation,2,Rooms-Katholieke Kerk
85b686bc-7756-5010-8f21-024c5ea72870,organisation,2,Rooms-Katholieke Kerk
5712ad9f-f605-541f-805e-3b17d2ddc201,organisation,2,Rooms-Katholieke Kerk
ad0c96f5-c654-5d07-8187-b4e89253f3d7,organisation,2,Rooms-Katholieke Kerk
1bc21926-ddcb-597e-b1d6-2368e5f345f1,organisation,2,Rooms-Katholieke Kerk
25660f94-299a-595a-949e-38e7cd9aacc0,organisation,2,Rooms-Katholieke Kerk
3dfb787a-9940-5cde-9723-59033649c574,organisation,2,Rooms-Katholieke Kerk
fa157f32-d4b2-5a07-a0b2-aef9b0194e93,organisation,2,Rooms-Katholieke Kerk
b1f97bd5-01d3-5e77-bb05-8d8ede4a00ee,organisation,2,Rooms-Katholieke Kerk
627da5df-0507-5518-aa7e-a30db70eeccf,organisation,2,Rooms-Katholieke Kerk
dc647884-7165-5034-bedc-242bda26b140,organisation,2,Rooms-Katholieke Kerk
20a31060-28f6-53c9-a37e-4c51a87b2335,organisation,2,Rooms-Katholieke Kerk
f9152de2-c42d-51a8-8e42-e9bb0a538da5,organisation,2,Rooms-Katholieke Kerk
96251ebb-b7f9-50ab-81d1-80bc558d0891,organisation,2,Rooms-Katholieke Kerk
e5c2e3f3-be47-50fa-8b39-75d43af28179,organisation,2,Rooms-Katholieke Kerk
9bbd2ca6-4eab-5f0b-83e9-79c9163efb90,organisation,2,Rooms-Katholieke Kerk
94e1febb-8ef3-5fc0-afec-a2a407f20334,organisation,2,Rooms-Katholieke Kerk
30b86ce7-6091-50f9-a776-40327dd6d269,organisation,2,Rooms-Katholieke Kerk
7660866c-975b-5694-a729-2e0c85e762b9,organisation,2,Rooms-Katholieke Kerk
fe29fc50-c3c2-5aae-9c95-1f7989b158fe,organisation,2,Rooms-Katholieke Kerk
6ff9b11a-2fcc-5fe5-b44b-4eccdece21e6,organisation,2,Rooms-Katholieke Kerk
a721481e-c787-505f-841d-2ea9af327e1c,organisation,2,Rooms-Katholieke Kerk
22f1a6c9-83c4-589f-b2a2-ceeb00a86d33,organisation,2,Rooms-Katholieke Kerk
09adac88-01a5-5729-9ae7-608492b22326,organisation,2,Rooms-Katholieke Kerk
079198ca-35ad-5bfe-aaec-5b5ba82ecaac,organisation,2,Rooms-Katholieke Kerk
220e53b9-69a8-52f1-8d6f-b5c4e57eb3e1,organisation,2,Rooms-Katholieke Kerk
2c2320c3-7571-5774-82fc-f9e0d403598c,organisation,2,Rooms-Katholieke Kerk
d21460d5-d1e0-5d85-87db-9989f4c40146,organisation,2,Rooms-Katholieke Kerk
27cfaaea-c5f2-5279-a2a0-a4e67df0f02e,organisation,2,Rooms-Katholieke Kerk
b84d8bbc-b899-5f74-ad0a-96b40174e8ba,organisation,2,Rooms-Katholieke Kerk
749ad7c0-77e8-5fe2-8130-06b210eebe33,organisation,2,Rooms-Katholieke Kerk
4eebd0c9-1caf-5e6d-b487-b55bffde6fc2,organisation,2,Rooms-Katholieke Kerk
2138682a-4634-51e7-b4de-f62baab9098c,organisation,2,Rooms-Katholieke Kerk
39843596-4304-547c-a91a-cec48f8759ce,organisation,2,Rooms-Katholieke Kerk
e57fc529-ff29-5339-b9bf-fa88c87cf69a,organisation,2,Rooms-Katholieke Kerk
a993faf5-4931-5cb9-b710-6a88690c9945,organisation,2,Rooms-Katholieke Kerk
1307a797-c7e6-5a3b-b373-3083b564e432,organisation,2,Rooms-Katholieke Kerk
4fd8e9f3-5afe-52bd-a1df-0849c6fdb15f,organisation,2,Rooms-Katholieke Kerk
2865cf00-bd60-599f-8bb4-a51ce1c4c0fb,organisation,2,Rooms-Katholieke Kerk
616dfe2a-2899-5c3e-8d2e-7a99f1e5be70,organisation,2,Rooms-Katholieke Kerk
71866ce0-5871-5c49-a887-0f6e0bbd6bb2,organisation,2,Rooms-Katholieke Kerk
a9378f44-b52e-5565-a046-ae96482b6bf6,organisation,2,Rooms-Katholieke Kerk
93e81857-8c59-5bfe-a4e1-1f5dac361440,organisation,2,Rooms-Katholieke Kerk
43314356-a5e8-5ada-9f14-e5898819d1f3,organisation,2,Rooms-Katholieke Kerk
c7e28662-38cd-5ef7-b768-f70a4a9c7c2a,organisation,2,Rooms-Katholieke Kerk
ad6d8b8c-a48b-52c0-bcca-556a3595cc20,organisation,2,Rooms-Katholieke Kerk
9c1c02b8-95f1-5cc3-8594-eb4761aacb16,organisation,2,Rooms-Katholieke Kerk
a1b51c66-3c2a-5243-ac1c-2784db344c43,organisation,2,Rooms-Katholieke Kerk
2550dc8d-955f-5457-8a53-d2c8d44c76ad,organisation,2,Rooms-Katholieke Kerk
31054904-f76d-529f-a8ec-921a3b4afb0c,organisation,2,Rooms-Katholieke Kerk
03ec9c9a-c70b-5766-81d3-8b3e6b995f2f,organisation,2,Rooms-Katholieke Kerk
3106affa-0e35-59eb-b8d1-eac532a952f7,organisation,2,Rooms-Katholieke Kerk
193abbf2-4539-56e7-afa9-492309e377f3,organisation,2,Rooms-Katholieke Kerk
f7863ee5-1c82-54f5-a595-b8a6961dc4e3,organisation,2,Rooms-Katholieke Kerk
186dc8f5-ce15-5b16-b0ab-4c97397d5bb9,organisation,2,Rooms-Katholieke Kerk
5e1bbb61-d33e-53f4-8b81-decfe2321041,organisation,2,Rooms-Katholieke Kerk
104b6407-4631-51b7-94b6-0f0404b6ec0d,organisation,2,Rooms-Katholieke Kerk
4c5df74f-13d4-5661-a29c-5971b400e4f9,organisation,2,Rooms-Katholieke Kerk
5596644d-f8f0-56cd-8fb2-efca488e06f7,organisation,2,Rooms-Katholieke Kerk
23316c93-9a7b-5793-a8de-17fcb536ecf5,organisation,2,Rooms-Katholieke Kerk
acf0df9c-51db-57ae-82dd-9c0076f3d5c8,organisation,2,Rooms-Katholieke Kerk
327eaba7-3396-512c-856f-62d25533509e,organisation,2,Rooms-Katholieke Kerk
3e85ff73-0ec4-5a4c-b9c6-915e766d3d2c,organisation,2,Rooms-Katholieke Kerk
0b10efba-bde7-5c99-ab7c-b2c693838096,organisation,2,Rooms-Katholieke Kerk
34765fc3-b661-5c64-a3f0-5d5d86db640d,organisation,2,Rooms-Katholieke Kerk
b35cea3a-c85e-5eb3-8171-68304fa3612a,organisation,2,Rooms-Katholieke Kerk
0867dcdd-5e79-550f-94cb-c43dde1a546c,organisation,2,Rooms-Katholieke Kerk
230aedb0-3a2a-57df-89a7-54c2b0757dfc,organisation,2,Rooms-Katholieke Kerk
8c814582-1599-5425-8116-1d01cfce5fa7,organisation,2,Rooms-Katholieke Kerk
e77799d4-f9e7-5e3e-a944-905de96ec6e4,organisation,2,Rooms-Katholieke Kerk
54d9bf1e-603c-5ea8-b5af-9e9ce11b606d,organisation,2,Rooms-Katholieke Kerk
d5a28c04-5d14-5d15-8cd5-f8e9dc022762,organisation,2,Rooms-Katholieke Kerk
6b44e6c6-a048-5316-8e0f-b2891cd786d2,organisation,2,Rooms-Katholieke Kerk
28bad93a-f584-5ad6-9d4e-8eff8cdff2ac,organisation,2,Rooms-Katholieke Kerk
c0c185f9-430d-5fd3-bd55-6bfffcc600ee,organisation,2,Rooms-Katholieke Kerk
7187a019-231a-591c-917b-55c94ea1d353,organisation,2,Rooms-Katholieke Kerk
21fdd92d-286e-507b-8be7-da022182db82,organisation,2,Rooms-Katholieke Kerk
276ad389-f52e-5422-b782-d48050efc905,organisation,2,Rooms-Katholieke Kerk
0d0d8bb2-0417-5a91-88f5-1872b31ea336,organisation,2,Rooms-Katholieke Kerk
3efc10d2-93f9-5692-8991-1d4c45d007a2,organisation,2,Rooms-Katholieke Kerk
cb9f7010-bc36-56ab-9de1-4a3f8dd21e76,organisation,2,Rooms-Katholieke Kerk
d471b34d-b9e8-57c1-8461-d8fcef0e1015,organisation,2,Rooms-Katholieke Kerk
9b08bb74-d4c2-51c9-ae8e-2e8f4a92294a,organisation,2,Rooms-Katholieke Kerk
d27ef866-5c04-51d9-90c7-9bb632507c5b,organisation,2,Rooms-Katholieke Kerk
67232f53-5586-5b43-bd16-4350461c6615,organisation,2,Rooms-Katholieke Kerk
677918cc-e83e-5f7e-94b6-ed3a60cf5c92,organisation,2,Rooms-Katholieke Kerk
10852758-3961-5277-8212-0f739ae9ad70,organisation,2,Rooms-Katholieke Kerk
5ed66609-2410-5694-8f19-e02e5d78371e,organisation,2,Rooms-Katholieke Kerk
4c1a75ef-8848-586d-b056-87e2ece33fb9,organisation,2,Rooms-Katholieke Kerk
e7ab7947-6f06-58f2-b316-7e557dab7334,organisation,2,Rooms-Katholieke Kerk
492cf808-4f4e-56a6-b9c0-5ea3b63f0b91,organisation,2,Rooms-Katholieke Kerk
9a84af9e-8ff5-58a9-9478-4cf0dc20681f,organisation,2,Rooms-Katholieke Kerk
bca78ba7-51ed-5e84-8e15-1700b2fda070,organisation,2,Rooms-Katholieke Kerk
c91732a3-2c57-5652-b486-024a8c86da75,organisation,2,Rooms-Katholieke Kerk
30e31ac7-2c9f-578f-a03a-1e7beed52bc7,organisation,2,Rooms-Katholieke Kerk
08c8859a-2a45-5a61-8cb4-5de8f3436c53,organisation,2,Rooms-Katholieke Kerk
8ef34dac-e7c6-5a16-ab42-422f4ab73151,organisation,2,Rooms-Katholieke Kerk
f4bfc883-e233-5aef-824e-113a5baf0fec,organisation,2,Rooms-Katholieke Kerk
09857a24-8f07-5746-ae17-081eb8ed20ba,organisation,2,Rooms-Katholieke Kerk
8b1435be-4e52-56af-9315-4ba6135edf00,organisation,2,Rooms-Katholieke Kerk
bbf579ea-387f-56c0-801a-54acaa086a6e,organisation,2,Rooms-Katholieke Kerk
58fea414-0c13-59d0-a0db-cd8aaad3241a,organisation,2,Rooms-Katholieke Kerk
02709b7b-45be-5294-95d6-e7be3afd9a72,organisation,2,Rooms-Katholieke Kerk
367b4ac9-fa20-5ab0-b16c-0ceea0bcfde9,organisation,2,Rooms-Katholieke Kerk
bdc577df-48e0-53d0-bc05-7ee28055585c,organisation,2,Rooms-Katholieke Kerk
7a1126c5-0bd3-5adf-8ff4-623a50d1e690,organisation,2,Rooms-Katholieke Kerk
ae8a0dda-6d3f-5047-8973-242b54a3d94c,organisation,2,Rooms-Katholieke Kerk
c995fffa-2f7a-5950-9108-aa9d13acb917,organisation,2,Rooms-Katholieke Kerk
b22d7c67-a8d8-53dc-af4a-5a9b2589dca0,organisation,2,Rooms-Katholieke Kerk
d7f85ba6-1ff7-5eef-bd91-c373bc208a30,organisation,2,Rooms-Katholieke Kerk
e8c393aa-cc1e-550d-9cb9-a27d6a8b0dad,organisation,2,Rooms-Katholieke Kerk
00e101b5-f7a4-5f15-b045-e8b5d78e25d6,organisation,2,Rooms-Katholieke Kerk
647aeef4-67ab-55a7-bc81-19fed7e38b37,organisation,2,Rooms-Katholieke Kerk
4f36b6ca-fb20-5737-8780-518e37baf6ce,organisation,2,Rooms-Katholieke Kerk
4dc14962-01aa-57f1-9af0-b7756b4ddb41,organisation,2,Rooms-Katholieke Kerk
6ec7cfb3-ee24-59f5-9b47-3d9cf1c33f39,organisation,2,Rooms-Katholieke Kerk
6831d016-f47a-58b0-b24e-1833708e95c7,organisation,2,Rooms-Katholieke Kerk
8e8cc551-47cd-5766-9b01-e261bbc8dd28,organisation,2,Rooms-Katholieke Kerk
db356e83-8a5c-52ef-8fa8-116c38e99161,organisation,2,Rooms-Katholieke Kerk
f14eb9c0-9fab-5e12-a1cd-ef4bee044826,organisation,2,Rooms-Katholieke Kerk
b375489a-22f8-5668-8976-93010d0343e8,organisation,2,Rooms-Katholieke Kerk
4c94557f-7576-5a0b-814a-8d5f3d514cac,organisation,2,Rooms-Katholieke Kerk
aa0260f3-686c-5735-bf51-f1d2689ff12f,organisation,2,Rooms-Katholieke Kerk
57d9c2d5-21b8-56f5-8a5e-e0246f3da1ba,organisation,2,Rooms-Katholieke Kerk
cefee9ea-1932-5e4f-a541-308b85b6f344,organisation,2,Rooms-Katholieke Kerk
8a67db65-c17d-5387-bb63-d4d2f46f2908,organisation,2,Rooms-Katholieke Kerk
66db8beb-c07b-5e31-a7ba-a3f2444864ce,organisation,2,Rooms-Katholieke Kerk
3792f46c-d690-5de9-866f-401bfe73f4f7,organisation,2,Rooms-Katholieke Kerk
07c7f708-3d4c-5a46-9d62-908b3d7ab60a,organisation,2,Rooms-Katholieke Kerk
1a77c59d-ccfa-5da9-853c-e39ca028f5db,organisation,2,Rooms-Katholieke Kerk
0756bebd-76f6-5296-9d4f-97023302e5ff,organisation,2,Rooms-Katholieke Kerk
d804ef56-a579-5d24-a702-f2caf7609203,organisation,2,Rooms-Katholieke Kerk
b71b6517-a2f6-5076-ad4d-21b01bdcbd2a,organisation,2,Rooms-Katholieke Kerk
62c239e7-fdbf-54a2-8315-15467cf5b2c0,organisation,2,Rooms-Katholieke Kerk
b834d4a4-01f9-55e6-b86d-629ad7cb94fb,organisation,2,Rooms-Katholieke Kerk
0bd2b92a-d6f6-5cef-bc80-30f0839efb7f,organisation,2,Rooms-Katholieke Kerk
48e84e22-3931-54b4-bff5-c9dc01dc0499,organisation,2,Rooms-Katholieke Kerk
ea67766b-7b23-5ca0-86bd-a88a4c80ceb0,organisation,2,Rooms-Katholieke Kerk
ba0e0365-4225-5c31-a6c6-df48b905d7bb,organisation,2,Rooms-Katholieke Kerk
6b34359d-8cf4-5f90-af72-d46cfcfa3306,organisation,2,Rooms-Katholieke Kerk
664a8986-5b43-565c-b187-5e6a6e264549,organisation,2,Rooms-Katholieke Kerk
2b0882b9-8f26-5ec2-8107-56cace739395,organisation,2,Rooms-Katholieke Kerk
f2c1a868-1fe5-5903-9a80-11009ac212cb,organisation,2,Rooms-Katholieke Kerk
55713bf1-ef2c-52ea-bf14-c4c2115564c2,organisation,2,Rooms-Katholieke Kerk
c245c077-016f-5728-83a6-397bcc79a2a6,organisation,2,Rooms-Katholieke Kerk
d34a08ee-e107-533c-b44c-12f37e96a2d5,organisation,2,Rooms-Katholieke Kerk
7686972f-90a0-514e-af99-7eac99e25103,organisation,2,Rooms-Katholieke Kerk
4b22fe35-4362-5320-867e-846bbbc66218,organisation,2,Rooms-Katholieke Kerk
5fd84a73-4351-54f4-941f-ecba03bac523,organisation,2,Rooms-Katholieke Kerk
3a272a82-34a2-521a-829e-5eecc14f32f9,organisation,2,Rooms-Katholieke Kerk
fb30242e-083a-56ee-b1dc-2fd2a746d1d7,organisation,2,Rooms-Katholieke Kerk
33d747aa-1cb8-56c4-b868-0e14503f3ebb,organisation,2,Rooms-Katholieke Kerk
52a3047a-e1da-54dc-a464-4e9238a2281f,organisation,2,Rooms-Katholieke Kerk
51164619-e18f-57cb-89e2-2db60184da3e,organisation,2,Rooms-Katholieke Kerk
936496fe-20e1-57cf-a5b9-55119f6a34b6,organisation,2,Rooms-Katholieke Kerk
8e401264-a80f-50b0-99eb-fc2ead9c10b4,organisation,2,Rooms-Katholieke Kerk
569d2635-5172-5dc5-9778-f9b44ec2e3af,organisation,2,Rooms-Katholieke Kerk
99dcc2eb-43b6-5b74-bffe-33fdf6e9659e,organisation,2,Rooms-Katholieke Kerk
b27490e2-23cd-5407-b24e-23d097a4396f,organisation,2,Rooms-Katholieke Kerk
bea0faaf-6ac9-5101-93b6-e6cd14ed7ffb,organisation,2,Rooms-Katholieke Kerk
8a175d5b-1e04-5c2d-b7cf-d6e9d9e5ec9e,organisation,2,Rooms-Katholieke Kerk
c040e18f-066c-5d3f-91d3-e303768aaf86,organisation,2,Rooms-Katholieke Kerk
c6935c67-510b-5aac-a6ec-c9f09917dd76,organisation,2,Rooms-Katholieke Kerk
ecf8c8c3-188f-5d12-8881-791a7c20f629,organisation,2,Rooms-Katholieke Kerk
1c5d63c9-ff1c-5fc3-b131-6acdbca2ea9f,organisation,2,Rooms-Katholieke Kerk
2e11b17e-d719-5321-8278-7416062fc707,organisation,2,Rooms-Katholieke Kerk
808da5d5-464e-503d-a051-1a106d7047d5,organisation,2,Rooms-Katholieke Kerk
041de7dd-9ebf-5c84-852b-9ae87f4fc570,organisation,2,Rooms-Katholieke Kerk
7dcd2d0b-3a7b-55aa-aa03-9df34fa5ca27,organisation,2,Rooms-Katholieke Kerk
1ca8ab76-7570-569f-9f2d-466be88c2037,organisation,2,Rooms-Katholieke Kerk
230350b9-9951-5166-8ed9-416e5d84ca0f,organisation,2,Rooms-Katholieke Kerk
b4a63faa-88f9-5258-b91e-9a2ec73ecf7d,organisation,2,Rooms-Katholieke Kerk
c3fc7905-24f4-5ae6-9c52-60029d36c2c8,organisation,2,Rooms-Katholieke Kerk
32562453-7ea1-5766-a6d6-f12542bbab6f,organisation,2,Rooms-Katholieke Kerk
5ea8bdd8-c5d1-5dc4-a745-878f46ea7c91,organisation,2,Rooms-Katholieke Kerk
3df8a217-45b7-5d84-9062-d218aa3671bd,organisation,2,Rooms-Katholieke Kerk
7c5d503f-3b9f-5962-b925-0a0640bcb63e,organisation,2,Rooms-Katholieke Kerk
b3144ae5-c166-533c-bae8-5f07752039b1,organisation,2,Rooms-Katholieke Kerk
0f8f6568-d270-582a-8387-842bf42b28fc,organisation,2,Rooms-Katholieke Kerk
ade8bb47-9c9d-5d62-89f6-6f0873cca1e2,organisation,2,Rooms-Katholieke Kerk
f14fe5d3-2016-5d8f-9834-eb1e2ea4dfc0,organisation,2,Rooms-Katholieke Kerk
9200d7d7-47ec-582c-ab48-bf74e20100e5,organisation,2,Rooms-Katholieke Kerk
bab2326a-9e78-5346-b614-4cfa1dd75aea,organisation,2,Rooms-Katholieke Kerk
0be87ca1-1e06-53d6-82b7-3ee53c7d1a24,organisation,2,Rooms-Katholieke Kerk
e987834a-82ad-5bf5-b1b5-5e5359263390,organisation,2,Rooms-Katholieke Kerk
96c58208-18ae-51fc-9a2f-0037b067e4b9,organisation,2,Rooms-Katholieke Kerk
08a3c629-a257-5d7d-bef9-39f89500f7b0,organisation,2,Rooms-Katholieke Kerk
49e4ba7b-e537-5652-9d63-9d96ce7d59d0,organisation,2,Rooms-Katholieke Kerk
d045af94-0814-59cc-ad2b-e81928da59da,organisation,2,Rooms-Katholieke Kerk
a59e3abf-db92-5e8d-8692-0c9d106a48c7,organisation,2,Rooms-Katholieke Kerk
ec547cd2-decd-5103-9bd6-31661094d356,organisation,2,Rooms-Katholieke Kerk
26377cae-dcd7-59f1-a0cd-7f4b5f6a45f4,organisation,2,Rooms-Katholieke Kerk
138137d2-0776-503e-b969-abbec9f76bc2,organisation,2,Rooms-Katholieke Kerk
5eba3026-fd90-54c2-864d-46b3e04b74fd,organisation,2,Rooms-Katholieke Kerk
0c795a66-b998-5240-9251-e78cd87ffca7,organisation,2,Rooms-Katholieke Kerk
8422f845-b9cb-57ed-be14-0e0936109f95,organisation,2,Rooms-Katholieke Kerk
b97cff9b-0fb6-5549-9b34-8f9634c56b27,organisation,2,Rooms-Katholieke Kerk
451e3d9d-ec6a-589b-a0cc-8aa075feea48,organisation,2,Rooms-Katholieke Kerk
0b0b28a9-d835-5d66-99c0-74060ccd3cac,organisation,2,Rooms-Katholieke Kerk
06be8284-5948-572d-903a-1b5456ef5677,organisation,2,Rooms-Katholieke Kerk
77934bae-fda4-5dce-ba4c-9e1ea6d43eec,organisation,2,Rooms-Katholieke Kerk
7ca588db-4abd-5a59-96d0-f2a50dfe08eb,organisation,2,Rooms-Katholieke Kerk
b89b007f-7f49-5110-a63e-a47b844a84e1,organisation,2,Rooms-Katholieke Kerk
36d28357-1f48-5bc0-99fd-8371ef1304ae,organisation,2,Rooms-Katholieke Kerk
3457513c-8136-540f-87ef-ef4c53f9a21e,organisation,2,Rooms-Katholieke Kerk
c52737b0-0ee8-5e6f-ab71-d9866f744c33,organisation,2,Rooms-Katholieke Kerk
ce7bfab0-2648-52b1-ac63-05b78ad62e45,organisation,2,Rooms-Katholieke Kerk
538d546b-4b54-595d-bc61-d365c3b08519,organisation,2,Rooms-Katholieke Kerk
d1368e15-ae89-575c-9125-31f677a6c6dc,organisation,2,Rooms-Katholieke Kerk
df3eafe1-e2c2-539d-8e1f-4f6e4b74a710,organisation,2,Rooms-Katholieke Kerk
60cd7f23-ef13-5865-b6e0-7d23b34361b0,organisation,2,Rooms-Katholieke Kerk
96784884-9d18-56e9-8fb5-518ca53b8a69,organisation,2,Rooms-Katholieke Kerk
8d875849-3112-5ab3-bb69-261451695785,organisation,2,Rooms-Katholieke Kerk
224e4713-26b9-5226-831f-f3dc8b394b03,organisation,2,Rooms-Katholieke Kerk
2c81e801-ce2d-5db8-bd9e-5bdfd2811a5c,organisation,2,Rooms-Katholieke Kerk
28f07a8f-9837-5494-ad03-ddf2f04453b0,organisation,2,Rooms-Katholieke Kerk
66df2aeb-31e0-59f0-b08c-c472cd480800,organisation,2,Rooms-Katholieke Kerk
11952a38-b2a3-5dc0-b2e4-4f9ebdabd2d4,organisation,2,Rooms-Katholieke Kerk
fad6dfe9-cf15-5139-a9be-cf74469a03fa,organisation,2,Rooms-Katholieke Kerk
93f8755a-1cb8-542a-b1eb-adc058e2f909,organisation,2,Rooms-Katholieke Kerk
6fe305d9-71b8-5f7a-a51c-4c0b186d15a6,organisation,2,Rooms-Katholieke Kerk
c0cbff68-3a45-5287-a706-6b60c2867485,organisation,2,Rooms-Katholieke Kerk
4211dd96-f771-5ae8-9cd6-ef2368f1516b,organisation,2,Rooms-Katholieke Kerk
12881242-36c6-588d-a6f4-e6dcd66168af,organisation,2,Rooms-Katholieke Kerk
3001a9d2-4e0c-5cbc-9ca5-6f461c0ef088,organisation,2,Rooms-Katholieke Kerk
7ef81169-5a21-5c03-b7ca-501760677a66,organisation,2,Rooms-Katholieke Kerk
2bf97037-cb6a-50b7-84a4-5374e4243215,organisation,2,Rooms-Katholieke Kerk
13c9666b-eb93-5fbd-a991-790f1fe5b853,organisation,2,Rooms-Katholieke Kerk
41eb96a1-8612-5a55-9a77-1b2b410f4270,organisation,2,Rooms-Katholieke Kerk
b41bcd3c-ed59-5e00-87f3-ae602750fbc1,organisation,2,Rooms-Katholieke Kerk
c6a846cf-2030-5eb0-bab1-b089d05794f5,organisation,2,Rooms-Katholieke Kerk
b9aa775b-77dc-53d9-94ec-63f701415de4,organisation,2,Rooms-Katholieke Kerk
d02d1414-e74a-5f61-96f2-83313f37cd48,organisation,2,Rooms-Katholieke Kerk
6ab60cc0-aa2d-5f72-a04e-994238f286e2,organisation,2,Rooms-Katholieke Kerk
2138015c-6e75-562b-92fb-ad7e17672675,organisation,2,Rooms-Katholieke Kerk
c8511338-d073-5c6e-9db2-aa063f65d226,organisation,2,Rooms-Katholieke Kerk
16c1e924-5f8f-50bd-a589-44a9fb17bd7e,organisation,2,Rooms-Katholieke Kerk
d7613c1e-6a5e-5538-b3c9-a1fe4201c60d,organisation,2,Rooms-Katholieke Kerk
2acc5dbf-bf92-5cf7-b477-bca0242d7459,organisation,2,Rooms-Katholieke Kerk
b76e7785-8dd4-59df-b88a-c518ba12e7bc,organisation,2,Rooms-Katholieke Kerk
98b8543e-aff6-5f40-a632-8da758359822,organisation,2,Rooms-Katholieke Kerk
ff7ec00f-4236-5b9a-b8f1-645a4521988f,organisation,2,Rooms-Katholieke Kerk
5976b074-dd2a-5932-be97-0794759bb08a,organisation,2,Rooms-Katholieke Kerk
19ef0fc7-bc27-5644-8e43-5347abddeb7a,organisation,2,Rooms-Katholieke Kerk
a9e7a42f-9d7b-58f8-9207-29fe4bd32a3b,organisation,2,Rooms-Katholieke Kerk
7619ee5a-6031-51a2-b049-b9f46980c0f3,organisation,2,Rooms-Katholieke Kerk
758c350a-6b68-54d1-857a-778d57282b21,organisation,2,Rooms-Katholieke Kerk
8e185f50-2dfa-5767-a67d-5f3fdd87cea2,organisation,2,Rooms-Katholieke Kerk
da1e6376-46b7-57eb-b3be-84c22838ffe9,organisation,2,Rooms-Katholieke Kerk
8fbd5c06-62ea-54bf-8bfc-8715f82a24ff,organisation,2,Rooms-Katholieke Kerk
2770a000-d4a3-56ba-8b50-b1e393fb7073,organisation,2,Rooms-Katholieke Kerk
6abb1583-3338-51cf-b67c-dd6aeade7f30,organisation,2,Rooms-Katholieke Kerk
345c5109-e5ca-5325-a378-cfcb4956eaab,organisation,2,Rooms-Katholieke Kerk
ccdfafaa-0d79-5dde-9d3b-b88b79383a26,organisation,2,Rooms-Katholieke Kerk
f93a7e21-acc3-5efb-b459-14df82eae717,organisation,2,Rooms-Katholieke Kerk
6e6f3830-4576-5d65-b5e5-ebcc74ea644e,organisation,2,Rooms-Katholieke Kerk
ba76b1d7-e0b2-5c2a-860e-18d588d59ec3,organisation,2,Rooms-Katholieke Kerk
0da60ba3-b7d3-558e-ae78-8c22b87f8073,organisation,2,Rooms-Katholieke Kerk
e3604eb1-ff9b-5bd6-9185-dea9e893bde5,organisation,2,Rooms-Katholieke Kerk
048b4122-5f4f-540e-b729-4fc51aef2345,organisation,2,Rooms-Katholieke Kerk
b455d833-f9a3-534a-8004-2fc5270a076e,organisation,2,Rooms-Katholieke Kerk
a3c45dfa-f687-572e-ba95-947ed93bf4cb,organisation,2,Grieks-Orthodoxe Kerk
0c8fa0f0-b839-5495-9227-b17974abdd80,organisation,2,Rooms-Katholieke Kerk
feff13ec-592f-5e2e-92ca-5ff5ec62c865,organisation,2,Rooms-Katholieke Kerk
599c4be0-d90d-5053-bb2b-27e0d1723319,organisation,2,Rooms-Katholieke Kerk
def25ce7-c50b-52ac-8b2b-8646ef86f96b,organisation,2,Rooms-Katholieke Kerk
29a2852a-67ee-5662-b108-40eb8793ab3e,organisation,2,Rooms-Katholieke Kerk
dbce5808-eddf-5b8c-9741-7af3acf3e5a8,organisation,2,Rooms-Katholieke Kerk
21caf345-46da-5625-9384-dd0049cf23de,organisation,2,Rooms-Katholieke Kerk
7ede169f-bf3c-55ee-bc35-c93d306c36bc,organisation,2,Rooms-Katholieke Kerk
58587a7f-d86c-597e-ba87-6c95e1d36b3f,organisation,2,Rooms-Katholieke Kerk
bfefbe7b-05cd-5c00-a3de-01d22df251a5,organisation,2,Rooms-Katholieke Kerk
f8444934-86ba-59cb-bd70-00fa952526af,organisation,2,Rooms-Katholieke Kerk
30bdeca0-d29d-5413-8855-a5876de7c945,organisation,2,Rooms-Katholieke Kerk
06e6af79-fd71-5052-a866-e0e05ca71861,organisation,2,Rooms-Katholieke Kerk
b6c8599f-208f-50f3-b9a4-be38e22b11af,organisation,2,Rooms-Katholieke Kerk
a131b117-b8bd-51c2-9225-d0276d921401,organisation,2,Rooms-Katholieke Kerk
ab0228b2-b451-537e-936b-7fc0af2f4a1f,organisation,2,Rooms-Katholieke Kerk
a66aca75-2cc8-5629-8f12-0cc5f60ac64f,organisation,2,Rooms-Katholieke Kerk
c57d5d98-8e16-573a-9d11-ec754ac624b8,organisation,2,Rooms-Katholieke Kerk
60465734-c732-5719-83db-53b20e661244,organisation,2,Rooms-Katholieke Kerk
e9ea7fac-9d1d-5779-9c7d-a52a168fe66e,organisation,2,Rooms-Katholieke Kerk
cb3ce53f-7fae-5dd3-ae92-4b60a88b6c1b,organisation,2,Rooms-Katholieke Kerk
5097c4d1-289b-5472-bea2-98ace156c458,organisation,2,Rooms-Katholieke Kerk
a327fe24-1718-5984-bc37-3602c7c4225b,organisation,2,Rooms-Katholieke Kerk
f5bd6df8-cd6a-5717-8e04-7ce3179c85e2,organisation,2,Rooms-Katholieke Kerk
3631fcf0-6807-5aac-bf6f-0b74aeb26513,organisation,2,Rooms-Katholieke Kerk
a64c84dc-f2fd-56a1-a6e0-40fa6125280f,organisation,2,Rooms-Katholieke Kerk
c2e91701-4c26-50e7-9cfa-37a5e08dc4a3,organisation,2,Rooms-Katholieke Kerk
3a67844e-33f7-5951-b900-1cf1d6b6660a,organisation,2,Rooms-Katholieke Kerk
7a6a539c-6d46-5a6a-ab58-45fa2f80d922,organisation,2,Rooms-Katholieke Kerk
8efe7418-719c-5ede-8f75-f5523dd465ab,organisation,2,Rooms-Katholieke Kerk
1c6f5c62-7fc4-5fcb-9a11-90ef84ec4116,organisation,2,Russisch-Orthodoxe Kerk
11f73147-a53a-5f39-8f0a-344293f9e1fa,organisation,2,Rooms-Katholieke Kerk
963d22f6-e9a2-5f94-a436-79479bd371c1,organisation,2,Rooms-Katholieke Kerk
ca8a4ddd-e10a-53e1-ab04-b9de5d5cd1ea,organisation,2,Rooms-Katholieke Kerk
e90b28c1-d5cf-5945-a673-36c12df127a0,organisation,2,Rooms-Katholieke Kerk
c868a794-5e1c-5c6f-a09e-0b106eca0394,organisation,2,Rooms-Katholieke Kerk
ce46c862-2ff6-5bef-8a70-8126469b7b0f,organisation,2,Rooms-Katholieke Kerk
74dfcb8d-d4bf-531c-b229-2c904add46cd,organisation,2,Rooms-Katholieke Kerk
5f6752d4-0ada-570a-b24c-6b8fe685d89b,organisation,2,Rooms-Katholieke Kerk
d0405238-dea9-5ffd-b2c3-c31b48f53c93,organisation,2,Rooms-Katholieke Kerk
3e8e3c96-4c03-5bab-a6a7-bf721dd30419,organisation,2,Rooms-Katholieke Kerk
e0a2b533-f799-5ca8-a50e-0f6b72aaf46b,organisation,2,Rooms-Katholieke Kerk
402f1648-2628-5b4d-974a-9f195d3a3bc7,organisation,2,Rooms-Katholieke Kerk
28b74a95-9e5b-5d99-a7ab-06e7ae2fa5db,organisation,2,Rooms-Katholieke Kerk
b4e7945e-f373-5da9-9d3e-9187fe23d634,organisation,2,Rooms-Katholieke Kerk
dc0c8f7c-fc13-57a2-8d26-648001d76e6f,organisation,2,Rooms-Katholieke Kerk
75168070-7a29-55bd-8118-a87639ee41a0,organisation,2,Rooms-Katholieke Kerk
e44a3699-046f-5354-8da8-8873301ef826,organisation,2,Rooms-Katholieke Kerk
9a4489b5-e4e7-5f44-b0ce-a0d0a8a45fc6,organisation,2,Rooms-Katholieke Kerk
cde77a8f-516d-5e3e-9a85-a20b3ef59a8f,organisation,2,Rooms-Katholieke Kerk
0572d541-8388-5bcf-a9b6-b2d5854ccadb,organisation,2,Rooms-Katholieke Kerk
58b05684-2eda-5b84-b206-2689381b74fc,organisation,2,Rooms-Katholieke Kerk
f0dadd29-f46a-54a0-a48b-b0af7c41ff07,organisation,2,Rooms-Katholieke Kerk
1c9b8a1e-e174-5625-b166-fbaa739f50a8,organisation,2,Rooms-Katholieke Kerk
941b1386-1e73-5c17-bf8f-c44cce6fc626,organisation,2,Rooms-Katholieke Kerk
cb5a76a5-4260-5a5e-a13f-bad2969dfd85,organisation,2,Rooms-Katholieke Kerk
dec10e84-0552-5ea8-96a8-537d1c48d19d,organisation,2,Rooms-Katholieke Kerk
68f9fcb2-878a-531e-be98-58f74eb160f2,organisation,2,Rooms-Katholieke Kerk
b7f94ab9-4dba-59a0-809d-5dcc9a069384,organisation,2,Rooms-Katholieke Kerk
04dbe13d-dde6-54eb-8fea-bb0ab4b237e0,organisation,2,Rooms-Katholieke Kerk
4456df56-51a7-5a30-90e5-fea9dcd1511a,organisation,2,Protestantse Kerk in Nederland
4456df56-51a7-5a30-90e5-fea9dcd1511a,organisation,2,Rooms-Katholieke Kerk
4456df56-51a7-5a30-90e5-fea9dcd1511a,organisation,2,Nederlandse Hervormde Kerk
4456df56-51a7-5a30-90e5-fea9dcd1511a,organisation,2,Nederduitse Gereformeerde Kerk
c824932c-5ba9-5cca-aae7-52b5628f768e,organisation,2,Rooms-Katholieke Kerk
e42beafd-66ed-5997-9aeb-1e21061143d9,organisation,2,Rooms-Katholieke Kerk
f0327811-10ee-52a2-8dc8-d4fc801f67ea,organisation,2,Rooms-Katholieke Kerk
d3d64258-d6aa-5dc7-9175-f177c462645f,organisation,2,Rooms-Katholieke Kerk
e16eabc7-f465-519d-a8fd-6ea75e9dc661,organisation,2,Rooms-Katholieke Kerk
0aa5027f-5054-560e-bdeb-13c0a1e5935f,organisation,2,Protestantse Kerk in Nederland
0aa5027f-5054-560e-bdeb-13c0a1e5935f,organisation,2,Nederduitse Gereformeerde Kerk
0aa5027f-5054-560e-bdeb-13c0a1e5935f,organisation,2,Nederlandse Hervormde Kerk
f8ee2217-5e0f-5325-911e-9363cd67ba84,organisation,2,Nederlandse Hervormde Kerk
c99b146e-0e0a-5014-9996-295339be495f,organisation,2,Protestantse Kerk in Nederland
c99b146e-0e0a-5014-9996-295339be495f,organisation,2,Nederlandse Hervormde Kerk
740cf8ca-7c48-5c14-9ca2-b756ed21d699,organisation,2,Rooms-Katholieke Kerk
b56e862a-b259-5d4e-af27-9fa8c56acd38,organisation,2,Rooms-Katholieke Kerk
4885ddf0-2db9-58c8-bd20-08f3ec741680,organisation,2,Rooms-Katholieke Kerk
6d1b200b-722c-50f3-8c45-ac45f1bde954,organisation,2,Rooms-Katholieke Kerk
d49c41fb-c9fc-5263-9ed1-fabd0ab04aaf,organisation,2,Rooms-Katholieke Kerk
701f6d23-6d6a-5cc1-9ca4-8c4ee49518f8,organisation,2,Rooms-Katholieke Kerk
66e0104e-bb92-5ce8-bf4b-1a7beed42e7c,organisation,2,Rooms-Katholieke Kerk
d74de39b-0420-5c49-8139-d62c8b67c87e,organisation,2,Rooms-Katholieke Kerk
42eb8db4-e740-5c9f-a662-f2a2bf45ac8b,organisation,2,Rooms-Katholieke Kerk
8e0b211b-af46-5aa9-b106-6dd6d5ed7b67,organisation,2,Rooms-Katholieke Kerk
bc094800-3d27-5433-ae1c-82c88cfef063,organisation,2,Rooms-Katholieke Kerk
17ff9c85-79f5-5cd7-975c-02e456ebfd65,organisation,2,Rooms-Katholieke Kerk
653c371f-682d-5e56-a388-7063b1d7cd86,organisation,2,Rooms-Katholieke Kerk
bab062e4-958f-5d85-b7d1-875168dd1dc1,organisation,2,Rooms-Katholieke Kerk
7edeb8ca-fd30-585d-9767-0fa65e74845a,organisation,2,Rooms-Katholieke Kerk
d70a6234-4862-5fc2-8b86-4c8813834beb,organisation,2,Rooms-Katholieke Kerk
cc312957-6834-5109-a816-a222e952ce41,organisation,2,Rooms-Katholieke Kerk
24123926-a189-5004-a363-5c98f8fb62a3,organisation,2,Rooms-Katholieke Kerk
de9902ab-9ae9-5708-8688-1d38d1db57b7,organisation,2,Rooms-Katholieke Kerk
de9902ab-9ae9-5708-8688-1d38d1db57b7,organisation,2,Nederduitse Gereformeerde Kerk
486ccf71-23b8-509f-ac8a-d5101cf5fc77,organisation,2,Rooms-Katholieke Kerk
3ebb61c5-37a9-56b3-8a51-a64ac1579cbf,organisation,2,Rooms-Katholieke Kerk
bece3737-1f2e-5d7b-94ac-6c507cb340c9,organisation,2,Rooms-Katholieke Kerk
49b5ee30-9bbf-5880-ba0f-3e62521e18bc,organisation,2,Rooms-Katholieke Kerk
eeff7270-93b9-593a-8198-fca361f79bc5,organisation,2,Rooms-Katholieke Kerk
2d02f332-17f2-5c2b-9aa0-723592212f3b,organisation,2,Rooms-Katholieke Kerk
6608d136-ab4d-58a0-b2f4-54d9dbca2ce5,organisation,2,Rooms-Katholieke Kerk
f61fdef9-c22a-5d2d-8a35-1d01a57a1ff8,organisation,2,Rooms-Katholieke Kerk
f2bc9f37-d353-5cd0-85b5-afac76012746,organisation,2,Rooms-Katholieke Kerk
887ac677-ad75-5642-918f-3c2c40d51b1a,organisation,2,Rooms-Katholieke Kerk
80bac7d3-2b42-50c1-9d84-9932cf1cc89a,organisation,2,Rooms-Katholieke Kerk
b8c72f8e-b598-52f4-a5e9-d474cc7292ba,organisation,2,Rooms-Katholieke Kerk
d8a51db5-d658-53ea-a3fe-c1aa1409622b,organisation,2,Rooms-Katholieke Kerk
06cca15c-18ae-529e-a76d-ccbd5b9bc0b3,organisation,2,Rooms-Katholieke Kerk
58397e99-5f88-540c-b53b-64781b2ed155,organisation,2,Rooms-Katholieke Kerk
b9c80719-91ce-5499-a697-60357924832c,organisation,2,Rooms-Katholieke Kerk
99f8ed63-7073-58c1-9377-df1dcf6c2292,organisation,2,Rooms-Katholieke Kerk
80ddcc52-9fa0-5343-876b-d6b9e2e2b518,organisation,2,Rooms-Katholieke Kerk
5f1ac7f9-be69-5430-aa08-11e125d8a74f,organisation,2,Rooms-Katholieke Kerk
3608a51f-7ee2-5bf8-a925-860762876db3,organisation,2,Rooms-Katholieke Kerk
204cc9f6-9932-50e0-aa60-1620678d5b7e,organisation,2,Rooms-Katholieke Kerk
9583d46b-2b16-5e61-b27a-aae25b594c5b,organisation,2,Rooms-Katholieke Kerk
47123e35-63de-57b8-8242-2d9b2b561836,organisation,2,Rooms-Katholieke Kerk
84f43bd6-57c5-5d47-ba61-89a40fc70420,organisation,2,Rooms-Katholieke Kerk
b6cc1ab0-7258-5691-ae23-95dc004481d2,organisation,2,Rooms-Katholieke Kerk
49cab931-a045-5d70-87a7-7ae2cd5076ae,organisation,2,Rooms-Katholieke Kerk
5073c824-110f-5d8b-b2ec-6b602ee9b4cb,organisation,2,Rooms-Katholieke Kerk
b11b4683-45e2-5387-96bb-e3e430ef5308,organisation,2,Rooms-Katholieke Kerk
45767b86-58e0-51c8-bc2d-627cdd11f578,organisation,2,Rooms-Katholieke Kerk
840158b1-33a3-5423-9910-5ccbe344622f,organisation,2,Rooms-Katholieke Kerk
47b1961c-6e3b-58e0-8a63-7f7a459aaf11,organisation,2,Rooms-Katholieke Kerk
7d0cd6e9-387d-572b-af3a-86cfec7abfc9,organisation,2,Rooms-Katholieke Kerk
f5720b5c-ff7c-5507-a1b6-00940f2e92cf,organisation,2,Rooms-Katholieke Kerk
5d33e02d-86c9-5b69-904c-c58b06e0aca6,organisation,2,Rooms-Katholieke Kerk
7a31b75f-6a75-542f-88a6-0a20f7ab4087,organisation,2,Rooms-Katholieke Kerk
1dc58fad-7e62-5d54-b17f-f80efe869d14,organisation,2,Rooms-Katholieke Kerk
bdb2117b-4c5a-57ac-974c-30be670fa05f,organisation,2,Rooms-Katholieke Kerk
293bde67-e994-59cc-b348-53c1f72b23ae,organisation,2,Rooms-Katholieke Kerk
fa3753ea-968e-572e-b934-f7533acb6c52,organisation,2,Rooms-Katholieke Kerk
10a7be60-e4c5-5a4d-81c7-aaae340846d0,organisation,2,Rooms-Katholieke Kerk
7164939a-b327-5edd-a679-7a55f34c550e,organisation,2,Rooms-Katholieke Kerk
b0e770de-b01b-530f-835d-d59df927aa53,organisation,2,Rooms-Katholieke Kerk
557e4f45-bddc-59f1-9479-75eeb8bce0d3,organisation,2,Rooms-Katholieke Kerk
591fb967-0c90-5a34-a549-bbf25677af91,organisation,2,Rooms-Katholieke Kerk
abe25548-fabe-5164-bb6c-fdeef7883908,organisation,2,Rooms-Katholieke Kerk
9c5c158f-1b92-5882-8eb5-b9e58bea995d,organisation,2,Rooms-Katholieke Kerk
bd223a1c-3ed9-5138-8b02-c5327412c1ce,organisation,2,Rooms-Katholieke Kerk
9c186cb6-2062-599b-8f4e-412ca20ca73e,organisation,2,Rooms-Katholieke Kerk
4e741d33-c287-5fa8-935c-6be634946752,organisation,2,Rooms-Katholieke Kerk
63659508-8df2-5a5e-989e-cf1f3e78595e,organisation,2,Rooms-Katholieke Kerk
ce82bb8f-845e-5d84-8366-1dc3c8c536b4,organisation,2,Rooms-Katholieke Kerk
6d13e60d-bb24-5cdf-89fd-75d2bf5cacdd,organisation,2,Rooms-Katholieke Kerk
0ec9351c-f958-5ae9-a445-9f0a59a92b61,organisation,2,Rooms-Katholieke Kerk
0b229d14-39d5-575a-b36f-08832c11f93b,organisation,2,Rooms-Katholieke Kerk
0819ebf7-032c-54c4-835f-32005ba96d57,organisation,2,Rooms-Katholieke Kerk
14ee938e-8e91-5ba9-ba77-4fdeaa672cc3,organisation,2,Rooms-Katholieke Kerk
84cdaac0-8a7a-59da-a313-d18e6d6df605,organisation,2,Rooms-Katholieke Kerk
42953ae6-046f-52c4-84eb-b914103e330c,organisation,2,Rooms-Katholieke Kerk
a68dcc89-b057-5ae2-8a83-f15df384c76c,organisation,2,Rooms-Katholieke Kerk
fd955212-cb0e-5ba0-82dc-2c8085bd6707,organisation,2,Rooms-Katholieke Kerk
f729e148-e240-52a4-ba1a-e986f6ba1988,organisation,2,Rooms-Katholieke Kerk
efcde7a2-55bd-5cd3-9be1-6f29ab97d69a,organisation,2,Rooms-Katholieke Kerk
71a3325b-a5fa-505d-801c-1e2b708a02fe,organisation,2,Rooms-Katholieke Kerk
0c23c15c-54ef-51a3-b129-7305f6876a44,organisation,2,Rooms-Katholieke Kerk
6746d87d-917b-5bd2-9e75-80d9e46940e8,organisation,2,Rooms-Katholieke Kerk
3ab9cd0e-392c-5e2a-ac6f-9a66ddd2beda,organisation,2,Rooms-Katholieke Kerk
6461fde9-aea7-5491-b010-f444f13d2fe7,organisation,2,Rooms-Katholieke Kerk
6b9d1e39-045d-5e1d-9d76-3d5e8ecfb3a7,organisation,2,Rooms-Katholieke Kerk
024fbbc0-6ff6-5878-881a-540f2f659cbc,organisation,2,Rooms-Katholieke Kerk
6317482e-740d-559f-9dd5-3ffc0a6cce8f,organisation,2,Rooms-Katholieke Kerk
56706119-cefc-5ecb-acd1-c359dc9833ec,organisation,2,Rooms-Katholieke Kerk
16cbd67b-24e0-576f-94f8-9ab43ea45318,organisation,2,Rooms-Katholieke Kerk
b3e0b145-8c03-57d8-8c09-8cc62dd5540b,organisation,2,Rooms-Katholieke Kerk
37e8537e-e4a6-505f-b199-28481b308bd5,organisation,2,Rooms-Katholieke Kerk
e5830dfb-bb9d-5cac-a6e1-ff6e0adae4ac,organisation,2,Rooms-Katholieke Kerk
35463848-2b40-58a1-b6f7-fd7910d3ba1a,organisation,2,Rooms-Katholieke Kerk
78186feb-bc0c-58b2-8184-d741a0572c05,organisation,2,Rooms-Katholieke Kerk
b66a36f3-bf0b-521f-b58b-fc2292ca380d,organisation,2,Rooms-Katholieke Kerk
7d2f81f2-72bb-560a-9830-d08d6c808c25,organisation,2,Rooms-Katholieke Kerk
83091649-fbfc-57f2-8eb1-297844e3f1e4,organisation,2,Rooms-Katholieke Kerk
e5fdda49-8829-5a15-bad7-8154a1575752,organisation,2,Rooms-Katholieke Kerk
7fe5b682-cd1f-5d3c-b60d-e94dee67ed2c,organisation,2,Rooms-Katholieke Kerk
ea6b4cef-5023-5300-8756-bc5196f4a092,organisation,2,Rooms-Katholieke Kerk
744784bd-bb09-556a-b505-2efd08b1b5a4,organisation,2,Rooms-Katholieke Kerk
9833bed7-349a-5e5b-95cb-2c03ddd41e74,organisation,2,Rooms-Katholieke Kerk
e2f7a4e9-29f0-57b4-ac4d-071c9b9d549a,organisation,2,Rooms-Katholieke Kerk
615281a5-6232-57e1-8094-da0a4233755c,organisation,2,Rooms-Katholieke Kerk
c94cb242-e2eb-5889-83a4-aeb9a18a0183,organisation,2,Rooms-Katholieke Kerk
56d4d661-0e27-5a8e-af0d-1b90d87e093c,organisation,2,Rooms-Katholieke Kerk
a7d96ca9-07fb-52dc-8cde-cc60fb38fc7d,organisation,2,Rooms-Katholieke Kerk
d212a699-a545-5c15-94a8-725486083cd0,organisation,2,Rooms-Katholieke Kerk
66130e82-e88e-51b9-9f71-21f2c13e994d,organisation,2,Rooms-Katholieke Kerk
68160474-2ae9-50dd-b4ba-1e1df8e7cf2f,organisation,2,Rooms-Katholieke Kerk
0bb7f255-4a93-5a16-9cbf-d49bc04faa83,organisation,2,Rooms-Katholieke Kerk
d03ff2dd-c883-5b39-ba11-455b97d1863c,organisation,2,Rooms-Katholieke Kerk
cd0f14d0-cef7-5d64-aa71-7d291dfd8f4a,organisation,2,Rooms-Katholieke Kerk
06976b74-a255-5fd7-b789-1c193b50b704,organisation,2,Rooms-Katholieke Kerk
20a4be44-e9f2-523f-a4fe-22238b0f14cb,organisation,2,Rooms-Katholieke Kerk
cb7e5ad4-98bc-5426-83b7-ff94ebb811d3,organisation,2,Rooms-Katholieke Kerk
774312ba-e287-5261-9809-155e9242d03c,organisation,2,Rooms-Katholieke Kerk
5255a2cb-09e2-5360-8603-63ac2d9bd96f,organisation,2,Rooms-Katholieke Kerk
88315c27-9e02-5a79-b5f3-e54df35de169,organisation,2,Rooms-Katholieke Kerk
c87e3090-d066-56fd-9028-5135033b3df2,organisation,2,Rooms-Katholieke Kerk
2795d979-87ea-54c8-b20f-562980a5fe2a,organisation,2,Rooms-Katholieke Kerk
2d3d542b-9b6c-5f57-9d99-1dc6d6c91da9,organisation,2,Rooms-Katholieke Kerk
2ca38bd0-188b-5ab8-8627-491e88b22d0a,organisation,2,Rooms-Katholieke Kerk
816684de-0476-5967-82dd-575a6c03fb76,organisation,2,Rooms-Katholieke Kerk
2ee2bea8-5622-5581-9e5f-727c9a7ccda8,organisation,2,Rooms-Katholieke Kerk
d6f86a4d-d0d9-537e-bf48-c74174d5fec2,organisation,2,Rooms-Katholieke Kerk
d576d7d1-b34e-5161-a280-8ecf0260feb4,organisation,2,Rooms-Katholieke Kerk
d0ff51e2-2a8a-5a45-80ed-455715e4e8fd,organisation,2,Rooms-Katholieke Kerk
1d4141f8-146e-5330-8edc-efb3a059ce04,organisation,2,Rooms-Katholieke Kerk
c8d273b2-3ed4-50db-8ce3-60b2b734d7b9,organisation,2,Rooms-Katholieke Kerk
b931124d-f772-5dcf-882c-f37a9d4af4fb,organisation,2,Rooms-Katholieke Kerk
46e5ee1d-f6b4-5899-b0fa-b8d97e571e47,organisation,2,Rooms-Katholieke Kerk
b27bafa6-b592-581b-9d91-ad89bd69de7b,organisation,2,Rooms-Katholieke Kerk
8f9a947e-e064-5854-9f66-6eb7dba40745,organisation,2,Rooms-Katholieke Kerk
26ff412b-6222-5746-97b5-505f01327c34,organisation,2,Rooms-Katholieke Kerk
f9de8987-7db2-530e-a8ff-7c49ba5b8dfc,organisation,2,Rooms-Katholieke Kerk
3e2cb2e0-d197-52d6-8b4b-a51babf2b745,organisation,2,Rooms-Katholieke Kerk
8bce6df5-8d7b-5807-bc52-9184695e7327,organisation,2,Rooms-Katholieke Kerk
520a8e09-4870-57df-af29-2e800bd9f704,organisation,2,Rooms-Katholieke Kerk
cd178243-1c27-5017-bf0d-ccb764364b44,organisation,2,Rooms-Katholieke Kerk
db5d9e82-30a1-5593-9623-9e82a988812b,organisation,2,Rooms-Katholieke Kerk
135bdf55-8637-55cf-a089-18fdb5a4b1f6,organisation,2,Rooms-Katholieke Kerk
29476426-4e8a-592f-9ae5-362263be34f7,organisation,2,Rooms-Katholieke Kerk
0cd072ac-e238-505c-8e20-572478e02822,organisation,2,Rooms-Katholieke Kerk
728522ed-3f78-5731-9dec-5769f92214fc,organisation,2,Rooms-Katholieke Kerk
3358b05a-62d7-5412-ae1d-7fd60687ef6b,organisation,2,Rooms-Katholieke Kerk
ae616b40-ed00-5db7-84e2-0a52415dcc7c,organisation,2,Rooms-Katholieke Kerk
9f6de497-e5f9-53d7-bde2-3693aa2e73a9,organisation,2,Rooms-Katholieke Kerk
74d0a880-0d30-5a6a-b04f-78c981965802,organisation,2,Rooms-Katholieke Kerk
6d81b50e-fe0b-52a1-825a-65ee7c61f5bb,organisation,2,Rooms-Katholieke Kerk
a5edf511-8e75-5bb4-9f11-8d3ec686cf8d,organisation,2,Rooms-Katholieke Kerk
50a9e7aa-f1fe-5025-a86c-1aeb5b5203ae,organisation,2,Rooms-Katholieke Kerk
183d993d-fc2b-5799-b7d7-b6256d84d344,organisation,2,Rooms-Katholieke Kerk
5b41eccc-36c0-5224-97df-aadcc080fe6e,organisation,2,Rooms-Katholieke Kerk
46fab951-16a5-53ea-a691-1183ecb9a556,organisation,2,Rooms-Katholieke Kerk
94325d91-6dba-5458-bb0c-f540be7f0bd2,organisation,2,Rooms-Katholieke Kerk
9a9c646c-1177-599e-a554-2cd7ddd66c82,organisation,2,Rooms-Katholieke Kerk
5f10d63f-e88d-5c65-a095-ad49554e0d25,organisation,2,Rooms-Katholieke Kerk
ca002a69-ff3c-5142-a441-2abb3c4b7f2c,organisation,2,Rooms-Katholieke Kerk
e7b9ad10-d6eb-58d7-9294-dc1ed7789af3,organisation,2,Rooms-Katholieke Kerk
f9f13b7e-03a2-56af-a9e2-fe7eacc68e55,organisation,2,Rooms-Katholieke Kerk
5748b2aa-c51f-59d7-a550-fcbdd7a61511,organisation,2,Rooms-Katholieke Kerk
7f3b2699-1746-5cbd-9a78-32faf25e59e6,organisation,2,Rooms-Katholieke Kerk
618d5d9b-51ed-54a6-9b34-cdef2694ba54,organisation,2,Rooms-Katholieke Kerk
e8ddae6f-0bc4-52d0-8975-4526d07f12a9,organisation,2,Rooms-Katholieke Kerk
d14c5490-7575-5744-ad99-11ce1e16fcf3,organisation,2,Rooms-Katholieke Kerk
477c6191-8d83-56d5-9168-ed715973d5d1,organisation,2,Rooms-Katholieke Kerk
a238b369-6832-5462-bdea-43f550943187,organisation,2,Rooms-Katholieke Kerk
fab23ab1-5ce0-57cc-ab3c-7f97a0ab4bcd,organisation,2,Rooms-Katholieke Kerk
e4ea0635-e47d-5135-9e53-b87c7a937fc9,organisation,2,Rooms-Katholieke Kerk
c6a416cb-816a-5e5c-be4d-946eb2349543,organisation,2,Rooms-Katholieke Kerk
f6691ede-d393-576c-8bb0-169b06b63236,organisation,2,Rooms-Katholieke Kerk
381d6f46-56b8-5af3-a669-7bb4ac77dc3c,organisation,2,Rooms-Katholieke Kerk
bb5b6c79-eeff-5f78-93df-b7086f0a1b40,organisation,2,Rooms-Katholieke Kerk
72d85815-93b1-5d8a-bf90-0b70430dba12,organisation,2,Rooms-Katholieke Kerk
00bf93aa-0155-5841-b64b-fcb8aba36e90,organisation,2,Rooms-Katholieke Kerk
02c66e3b-bdba-5430-9ed8-663fdfa3ca8d,organisation,2,Rooms-Katholieke Kerk
88699bdc-7cc8-5912-b91b-31da44fe4197,organisation,2,Rooms-Katholieke Kerk
32313d22-917b-56cd-a08b-53abec15f53d,organisation,2,Rooms-Katholieke Kerk
3f755271-0980-582f-8bdb-2bcb3345eda5,organisation,2,Rooms-Katholieke Kerk
74ea1a9b-1de3-54c2-bda3-b31efadfad65,organisation,2,Rooms-Katholieke Kerk
e0e73f27-3d42-5001-8594-54c6c4664b59,organisation,2,Rooms-Katholieke Kerk
c8a186bb-58a8-5476-b159-0a2dadc2cd4c,organisation,2,Rooms-Katholieke Kerk
dd6a8685-7e1a-51e9-9479-b09e422c39ab,organisation,2,Rooms-Katholieke Kerk
5effc410-6a67-5654-aa33-2e0a79f814eb,organisation,2,Rooms-Katholieke Kerk
cbe4802d-4535-5742-bd51-c54f99de22b2,organisation,2,Rooms-Katholieke Kerk
c70c0551-8a08-5e98-8831-2c8961ca7ad4,organisation,2,Rooms-Katholieke Kerk
d329752e-9504-5b62-9c50-1d95514ce25a,organisation,2,Rooms-Katholieke Kerk
6f3d3ef4-1896-5fe9-a7fa-f4f2009902e3,organisation,2,Rooms-Katholieke Kerk
c03659d1-6794-5384-a590-73fa8f770eff,organisation,2,Rooms-Katholieke Kerk
3b2f545f-77f5-5474-8582-da021aff5379,organisation,2,Rooms-Katholieke Kerk
15853558-68e2-5f94-af82-8e4f6aa728dd,organisation,2,Rooms-Katholieke Kerk
2c327b4b-9802-5d4b-8a79-3f2d7631ce32,organisation,2,Rooms-Katholieke Kerk
98b19d9a-7479-529d-aa7a-7ad0fe39d735,organisation,2,Rooms-Katholieke Kerk
4166b6a6-48ea-580f-8f4f-696f0c51a42a,organisation,2,Rooms-Katholieke Kerk
327ba8a6-16d3-5746-9aed-b58cabda398f,organisation,2,Rooms-Katholieke Kerk
db1aeab8-5775-506f-b163-ce2dd170f151,organisation,2,Rooms-Katholieke Kerk
e2a8f01c-a294-59ed-b020-23d4c81dce64,organisation,2,Rooms-Katholieke Kerk
64886141-0cc8-5c7b-85f3-12b2eb802ff5,organisation,2,Rooms-Katholieke Kerk
911308e5-7829-58a4-9525-fe664bceafec,organisation,2,Rooms-Katholieke Kerk
6f87bbbe-7c9d-58b6-b0bc-69f7cd0a2a3d,organisation,2,Rooms-Katholieke Kerk
8f73f46c-b120-572b-875b-f3aa520fc540,organisation,2,Rooms-Katholieke Kerk
364af1be-f47e-58a6-9fa7-f96540a0ead7,organisation,2,Rooms-Katholieke Kerk
67ec2abb-eaca-5702-ae8c-4c5742921e05,organisation,2,Rooms-Katholieke Kerk
16427887-ef93-5651-997e-451b23863050,organisation,2,Rooms-Katholieke Kerk
1f849cbd-0895-5aa7-8759-636c0b3818ef,organisation,2,Rooms-Katholieke Kerk
7f20c710-7b1b-59f0-b7a9-6bfeb072dfac,organisation,2,Rooms-Katholieke Kerk
db30e3f5-53a8-5876-8a9e-93880ff21269,organisation,2,Rooms-Katholieke Kerk
282678ac-e7bb-5555-84e1-e6c707eab7e1,organisation,2,Rooms-Katholieke Kerk
d522c52f-7a52-50c2-8ded-50ca13277326,organisation,2,Rooms-Katholieke Kerk
d522c52f-7a52-50c2-8ded-50ca13277326,organisation,2,Nederduitse Gereformeerde Kerk
d522c52f-7a52-50c2-8ded-50ca13277326,organisation,2,Nederlandse Hervormde Kerk
aba08995-a8f2-567a-b2c7-aee26e6d8993,organisation,2,Rooms-Katholieke Kerk
8b9b173d-0c82-5db1-a37b-4d52cc5d818a,organisation,2,Rooms-Katholieke Kerk
17142778-d1ba-5d12-88b6-ade60677a35d,organisation,2,Rooms-Katholieke Kerk
1a7592a4-68d4-5e99-b883-cb1eb01799e8,organisation,2,Rooms-Katholieke Kerk
bb7dff80-fec8-58e0-aa36-419bc31a2906,organisation,2,Rooms-Katholieke Kerk
8b76ad3d-6fd5-5dde-a6c4-6a439d8c9739,organisation,2,Rooms-Katholieke Kerk
24630fcf-e062-5a6d-8236-760fa6a91110,organisation,2,Rooms-Katholieke Kerk
86ae5ebc-7990-5d5b-8ef9-93531e50a91e,organisation,2,Rooms-Katholieke Kerk
2a361854-2209-5f28-be16-eb9c99aa289f,organisation,2,Rooms-Katholieke Kerk
3c8cf2ea-9ff6-554e-a0c0-f589b2df4be0,organisation,2,Rooms-Katholieke Kerk
ef9eb338-23ca-5ca7-83f0-10ec710f2ad3,organisation,2,Rooms-Katholieke Kerk
3e8e1f10-8f50-5ee0-a2a9-9d152140a888,organisation,2,Rooms-Katholieke Kerk
0942ec43-ff15-51fd-a091-68656d408455,organisation,2,Rooms-Katholieke Kerk
ec3017cb-3a99-5614-9675-9d08f81407ed,organisation,2,Rooms-Katholieke Kerk
2d572041-14ee-546d-af8b-b84b1a285470,organisation,2,Rooms-Katholieke Kerk
b48230e3-9354-5f35-a6bc-f9e77022ab43,organisation,2,Rooms-Katholieke Kerk
ffc79bac-c050-56e1-9edc-82224d7e02c8,organisation,2,Rooms-Katholieke Kerk
97167dc3-5468-5145-b8fa-b79f67be17f7,organisation,2,Rooms-Katholieke Kerk
25acb24a-f49e-59da-8574-e6c3617f1f67,organisation,2,Rooms-Katholieke Kerk
4ccd086f-d03f-566b-8793-ab96be8f4378,organisation,2,Rooms-Katholieke Kerk
ad12bb4c-8b2b-574f-8bf5-d13edd6aaf21,organisation,2,Rooms-Katholieke Kerk
61c0e535-8cee-5b0a-b46b-c669f10f65b6,organisation,2,Rooms-Katholieke Kerk
10a354fa-03bc-545a-bbd9-79325987f396,organisation,2,Rooms-Katholieke Kerk
9d74761c-555f-539f-8e19-05d7a6cfedca,organisation,2,Rooms-Katholieke Kerk
1a0b39c6-c4fb-565a-beb1-8baeee2922d4,organisation,2,Rooms-Katholieke Kerk
1a0b39c6-c4fb-565a-beb1-8baeee2922d4,organisation,2,Nederduitse Gereformeerde Kerk
1a0b39c6-c4fb-565a-beb1-8baeee2922d4,organisation,2,Nederlandse Hervormde Kerk
cf742ea4-f059-5b17-aa9a-c2d8c5f81910,organisation,2,Rooms-Katholieke Kerk
1c8c4ea6-ec45-5a95-b32b-c2a741ab6615,organisation,2,Rooms-Katholieke Kerk
17204f92-474d-5924-8e46-fc8cebb3a919,organisation,2,Nederlandse Hervormde Kerk
d07ae6a3-f022-5dec-9b28-b673a6df1252,organisation,2,Rooms-Katholieke Kerk
bcc6d5ec-8640-5a5a-8201-77e1049ed93f,organisation,2,Rooms-Katholieke Kerk
d86487b2-47fc-53d7-8231-3ba05c57ebcd,organisation,2,Rooms-Katholieke Kerk
5b27d93b-f9c1-5509-bee6-1884b9416ac2,organisation,2,Rooms-Katholieke Kerk
06007abd-4b8e-5994-be8b-8a264ca0712b,organisation,2,Protestantse Kerk in Nederland
06007abd-4b8e-5994-be8b-8a264ca0712b,organisation,2,Nederlandse Hervormde Kerk
1a1fd2a2-59b1-5e90-9406-c142316a7128,organisation,2,Rooms-Katholieke Kerk
521e1e8e-cc10-53a5-97c1-97b206dcae54,organisation,2,Rooms-Katholieke Kerk
96922d21-f837-521b-a13a-01da31845f1f,organisation,2,Rooms-Katholieke Kerk
e1f2a142-23c4-5ebc-a8d0-be8403ce9354,organisation,2,Rooms-Katholieke Kerk
d8ddf353-5977-53ec-ba69-70a88c12cd54,organisation,2,Rooms-Katholieke Kerk
2c0d534a-7eb1-531d-91d1-06739e1853c8,organisation,2,Rooms-Katholieke Kerk
f696d174-b38c-5682-86ca-18701f17bf87,organisation,2,Rooms-Katholieke Kerk
b772983c-a786-5386-8d8e-a29c582f77b1,organisation,2,Rooms-Katholieke Kerk
f49f8419-0b73-5c4d-be03-f7cea190210d,organisation,2,Rooms-Katholieke Kerk
a103e709-c8aa-544e-b1fa-1d472b74e13a,organisation,2,Rooms-Katholieke Kerk
4b5a336d-808c-5e38-adb3-78ea0fda614e,organisation,2,Rooms-Katholieke Kerk
4b5a336d-808c-5e38-adb3-78ea0fda614e,organisation,2,Nederlandse Hervormde Kerk
59d69db7-43ea-5cc3-898c-a1efae86684a,organisation,2,Nederlandse Hervormde Kerk
59d69db7-43ea-5cc3-898c-a1efae86684a,organisation,2,Rooms-Katholieke Kerk
27ecf1dc-45fb-5147-a3aa-bb2c2ef04a46,organisation,2,Rooms-Katholieke Kerk
f77d455f-6c38-5f36-859e-e18deef9d8f5,organisation,2,Rooms-Katholieke Kerk
50886712-4640-5ada-8400-4c1fa0798272,organisation,2,Protestantse Kerk in Nederland
50886712-4640-5ada-8400-4c1fa0798272,organisation,2,Nederlandse Hervormde Kerk
690e7631-ed69-52b8-baa5-3cfaed6665a0,organisation,2,Rooms-Katholieke Kerk
690e7631-ed69-52b8-baa5-3cfaed6665a0,organisation,2,Nederduitse Gereformeerde Kerk
a191ee5b-193a-5815-9703-8b4d2e325ddd,organisation,2,Rooms-Katholieke Kerk
b6548720-8c0c-54da-9a9f-c5f62eaeb3b2,organisation,2,Rooms-Katholieke Kerk
7682bed9-36ca-56d2-8eb7-eab9517c60c1,organisation,2,Rooms-Katholieke Kerk
7682bed9-36ca-56d2-8eb7-eab9517c60c1,organisation,2,Anglicaanse Kerk
dd12b05b-036b-54c4-a659-8f2d3835d1fd,organisation,2,Rooms-Katholieke Kerk
2a85f452-345b-5ea8-b3a0-4dea792f454e,organisation,2,Rooms-Katholieke Kerk
2f0bd1f8-48f3-5915-a6d1-ff7b11025254,organisation,2,Rooms-Katholieke Kerk
d0998b42-7214-5606-b138-b8061663c867,organisation,2,Nederlandse Hervormde Kerk
d0998b42-7214-5606-b138-b8061663c867,organisation,2,Protestantse Kerk in Nederland
9f630191-4c4a-566d-86fa-c8915a79f55e,organisation,2,Nederlandse Hervormde Kerk
b24f083b-0651-51ea-b2cf-8ee1a053850d,organisation,2,Rooms-Katholieke Kerk
8f971626-4e2c-5cd7-a3cd-b3910e6fa41b,organisation,2,Rooms-Katholieke Kerk
