ResourceID,card,card_order,image_identifier_content,image_identifier_type,image_other_identifier_content,image_other_identifier_type,image_name_content,image_name_content_type,image_name_content_language,image_right_type,image_url
1dcddae3-52f4-5595-81cb-a3c6934fb032,image,11,https://n2t.net/ark:/15052/520f4049-94ea-420f-9665-c104bcd7724d,Brabant Cloud ARK Identifier,http://gebouwen.brabantcloud.nl/entity/Q2274,Wikibase,Overlangel Rijksmonument 32401 kerk,Primary,Nederlands,CC0,https://upload.wikimedia.org/wikipedia/commons/2/24/Overlangel_Rijksmonument_32401_kerk.JPG
1dcddae3-52f4-5595-81cb-a3c6934fb032,image,11,https://n2t.net/ark:/15052/fd36520f-f07f-42ed-a744-dc1c2b3d57d0,Brabant Cloud ARK Identifier,http://gebouwen.brabantcloud.nl/entity/Q1759,Wikibase,"Overlangel, flêche surmontée d'un bateau à voile",Primary,Nederlands,CC0,https://upload.wikimedia.org/wikipedia/commons/2/2b/Overlangel%2C_fl%C3%AAche_surmont%C3%A9e_d%27un_bateau_%C3%A0_voile.JPG
4615c838-ac97-55b8-b8c0-0a23ada086e1,image,11,https://n2t.net/ark:/15052/2ce5e4e3-5a38-48f8-a69b-1fcb8d5b9281,Brabant Cloud ARK Identifier,http://gebouwen.brabantcloud.nl/entity/Q1764,Wikibase,"Huisseling, kerk foto3 RM518193 2012-03-19 13.10",Primary,Nederlands,CC BY-SA,https://upload.wikimedia.org/wikipedia/commons/e/ed/Huisseling%2C_kerk_foto3_RM518193_2012-03-19_13.10.JPG
85fd98ea-be01-5187-9254-6ecf4b9d4385,image,11,https://n2t.net/ark:/15052/24e8be9e-8938-404c-a96c-808a1e32c174,Brabant Cloud ARK Identifier,http://gebouwen.brabantcloud.nl/entity/Q1752,Wikibase,Lith 003,Primary,Nederlands,CC BY-SA,https://upload.wikimedia.org/wikipedia/commons/e/e2/Lith_003.jpg
85fd98ea-be01-5187-9254-6ecf4b9d4385,image,11,https://n2t.net/ark:/15052/82cf1985-b1cb-4de0-ae94-1bec799f99f6,Brabant Cloud ARK Identifier,http://gebouwen.brabantcloud.nl/entity/Q2195,Wikibase,Overzicht - Lith - 20334166 - RCE,Primary,Nederlands,CC BY-SA,https://upload.wikimedia.org/wikipedia/commons/e/e5/Overzicht_-_Lith_-_20334166_-_RCE.jpg
ab3cf4bf-e097-5181-a0ff-a76a58540673,image,11,https://n2t.net/ark:/15052/8de3a090-86fd-4b4c-9364-f9d018eae89a,Brabant Cloud ARK Identifier,http://gebouwen.brabantcloud.nl/entity/Q2181,Wikibase,"Maren-Kessel, l'église",Primary,Nederlands,CC0,https://upload.wikimedia.org/wikipedia/commons/f/f5/Maren-Kessel%2C_l%27%C3%A9glise.JPG
f4349104-671f-5b55-9489-04f5e14baae5,image,11,https://n2t.net/ark:/15052/e11cd7d5-1ce2-46f5-be06-884aa54b4867,Brabant Cloud ARK Identifier,http://gebouwen.brabantcloud.nl/entity/Q1850,Wikibase,"Oijen, l' église catholique",Primary,Nederlands,CC0,https://upload.wikimedia.org/wikipedia/commons/c/c6/Oijen%2C_l%27_%C3%A9glise_catholique.JPG
1bf3f0c9-dbe8-5f89-9b73-41d1d89df64d,image,11,https://n2t.net/ark:/15052/e3f0d773-4b8e-4647-9144-7fa65acec307,Brabant Cloud ARK Identifier,http://gebouwen.brabantcloud.nl/entity/Q6848,Wikibase,Kasteelseplaats 3 voorkant 2021,Primary,Nederlands,CC BY-SA,https://upload.wikimedia.org/wikipedia/commons/9/9a/Kasteelseplaats_3_voorkant_2021.jpg
a0483d84-fe3d-54d1-a242-4a63b7c9f660,image,11,https://n2t.net/ark:/15052/5030e69f-73e7-4d9d-aa8d-1f1fa421170a,Brabant Cloud ARK Identifier,http://gebouwen.brabantcloud.nl/entity/Q6860,Wikibase,Boekel Huize Padua Rijksmonument 518252 hoofdgebouw entree,Primary,Nederlands,CC0,https://upload.wikimedia.org/wikipedia/commons/d/d6/Boekel_Huize_Padua_Rijksmonument_518252_hoofdgebouw_entree.JPG
7b8df8bc-d6a0-54ee-953c-0c8a1ba52a01,image,11,https://n2t.net/ark:/15052/bac0942d-381c-432e-b949-6e775e4a7d3d,Brabant Cloud ARK Identifier,http://gebouwen.brabantcloud.nl/entity/Q1433,Wikibase,"Boxmeer Rijksmonument 10027 klooster Elzendaal, straatzijde",Primary,Nederlands,CC0,https://upload.wikimedia.org/wikipedia/commons/d/d4/Boxmeer_Rijksmonument_10027_klooster_Elzendaal%2C_straatzijde.JPG
fd0d26a8-4215-5618-b78d-47365585a575,image,11,https://n2t.net/ark:/15052/f29e9a1e-00a5-471b-b9bd-be107f2165c8,Brabant Cloud ARK Identifier,http://gebouwen.brabantcloud.nl/entity/Q2305,Wikibase,Kasteel Stapelen,Primary,Nederlands,CC BY-SA,https://upload.wikimedia.org/wikipedia/commons/7/7b/Kasteel_Stapelen.jpg
fc51e2a9-fa71-5755-a73d-f6a8a6376252,image,11,https://n2t.net/ark:/15052/3d8bcd70-0f73-4675-b67b-66be93f577c5,Brabant Cloud ARK Identifier,http://gebouwen.brabantcloud.nl/entity/Q1499,Wikibase,Wit Gele Kruisgebouw Bethanie 2012-09-27 19-54-56,Primary,Nederlands,CC BY-SA,https://upload.wikimedia.org/wikipedia/commons/7/74/Wit_Gele_Kruisgebouw_Bethanie_2012-09-27_19-54-56.jpg
0a1c5416-1db6-594e-b087-abb875318bd9,image,11,https://n2t.net/ark:/15052/f8fd1ea3-9f78-4923-9112-67e3e8d0ef8f,Brabant Cloud ARK Identifier,http://gebouwen.brabantcloud.nl/entity/Q2298,Wikibase,"Exterieur overzicht voorzijde, van links naar rechts voormalige villa en patersklooster - Bavel - 20323919 - RCE",Primary,Nederlands,CC BY-SA,https://upload.wikimedia.org/wikipedia/commons/8/8c/Exterieur_overzicht_voorzijde%2C_van_links_naar_rechts_voormalige_villa_en_patersklooster_-_Bavel_-_20323919_-_RCE.jpg
4bcf9722-5cb0-509d-aefd-05ca4ba3e910,image,11,https://n2t.net/ark:/15052/635c2a8c-84e4-4981-b298-71eda46322a2,Brabant Cloud ARK Identifier,http://gebouwen.brabantcloud.nl/entity/Q2308,Wikibase,Blauwe Camer,Primary,Nederlands,CC BY-SA,https://upload.wikimedia.org/wikipedia/commons/0/02/Blauwe_Camer.JPG
d66845a3-2769-5dde-83b3-184797c2487a,image,11,https://n2t.net/ark:/15052/bd2324fc-b865-4a6f-9ea5-6e9aee3c7785,Brabant Cloud ARK Identifier,http://gebouwen.brabantcloud.nl/entity/Q1517,Wikibase,RM517206 Dongen,Primary,Nederlands,CC BY-SA,https://upload.wikimedia.org/wikipedia/commons/e/e4/RM517206_Dongen.jpg
eb4f8403-4c14-5f58-bb10-88c7865089cf,image,11,https://n2t.net/ark:/15052/4f862466-0f99-4e91-a336-ad3c8bcb9350,Brabant Cloud ARK Identifier,http://gebouwen.brabantcloud.nl/entity/Q1543,Wikibase,Marienhage-oostgevel,Primary,Nederlands,CC BY-SA,https://upload.wikimedia.org/wikipedia/commons/5/58/Marienhage-oostgevel.jpg
723000c2-c61e-5a8c-9c11-fdb0368129ee,image,11,https://n2t.net/ark:/15052/dcae3ac5-94e6-4cfc-832a-076644e23eed,Brabant Cloud ARK Identifier,http://gebouwen.brabantcloud.nl/entity/Q2289,Wikibase,Overzicht voorgevel klooster - Eindhoven - 20419544 - RCE,Primary,Nederlands,CC BY-SA,https://upload.wikimedia.org/wikipedia/commons/f/f8/Overzicht_voorgevel_klooster_-_Eindhoven_-_20419544_-_RCE.jpg
6f9d2113-52b3-5155-8b16-77dbcb074750,image,11,https://n2t.net/ark:/15052/7f11f243-e543-43f2-b30c-1eabbb587716,Brabant Cloud ARK Identifier,http://gebouwen.brabantcloud.nl/entity/Q1591,Wikibase,"Overzicht hoofdgebouw, voorgevel - Etten-Leur - 20412703 - RCE",Primary,Nederlands,CC BY-SA,https://upload.wikimedia.org/wikipedia/commons/9/96/Overzicht_hoofdgebouw%2C_voorgevel_-_Etten-Leur_-_20412703_-_RCE.jpg
6f9d2113-52b3-5155-8b16-77dbcb074750,image,11,https://n2t.net/ark:/15052/2de57d6b-736d-48dd-9d74-e986762146cb,Brabant Cloud ARK Identifier,http://gebouwen.brabantcloud.nl/entity/Q1585,Wikibase,Het Withof (Etten-Leur),Primary,Nederlands,CC BY-SA,https://upload.wikimedia.org/wikipedia/commons/4/4d/Het_Withof_%28Etten-Leur%29.jpg
0d289695-b0ea-5781-9d9f-cb3648d1c52d,image,11,https://n2t.net/ark:/15052/3b8daa8e-a0b7-4451-8540-7fe53f009c5f,Brabant Cloud ARK Identifier,http://gebouwen.brabantcloud.nl/entity/Q1595,Wikibase,Ontmoetingscentrum P1070326,Primary,Nederlands,CC BY-SA,https://upload.wikimedia.org/wikipedia/commons/3/3e/Ontmoetingscentrum_P1070326.JPG
41022a3d-74d1-57c7-93e1-8f7ae2b7944f,image,11,https://n2t.net/ark:/15052/08bee098-d71c-40a1-8665-5364fa6c3b34,Brabant Cloud ARK Identifier,http://gebouwen.brabantcloud.nl/entity/Q1731,Wikibase,"Reek (Landerd) Rijksmonument 519144 Klooster St. Elisabeth, voorzijde",Primary,Nederlands,CC0,https://upload.wikimedia.org/wikipedia/commons/5/5f/Reek_%28Landerd%29_Rijksmonument_519144_Klooster_St._Elisabeth%2C_voorzijde.JPG
041f9ab1-6ca8-582e-996b-ca845b857dd0,image,11,https://n2t.net/ark:/15052/f17ee99a-c652-4316-ab29-259b5336c15e,Brabant Cloud ARK Identifier,http://gebouwen.brabantcloud.nl/entity/Q1604,Wikibase,"Interieur, overzicht wand in kapel met glas-in-lood en diverse schilderingen - Goirle - 20331243 - RCE",Primary,Nederlands,CC BY-SA,https://upload.wikimedia.org/wikipedia/commons/d/d5/Interieur%2C_overzicht_wand_in_kapel_met_glas-in-lood_en_diverse_schilderingen_-_Goirle_-_20331243_-_RCE.jpg
dd77adc8-fda3-5e8a-b788-1dbd5f0f583c,image,11,https://n2t.net/ark:/15052/bd228c6e-eb01-41df-9d3e-bf526cb2ed14,Brabant Cloud ARK Identifier,http://gebouwen.brabantcloud.nl/entity/Q2295,Wikibase,Retraitehuis Seppe P1070083,Primary,Nederlands,CC BY-SA,https://upload.wikimedia.org/wikipedia/commons/7/7f/Retraitehuis_Seppe_P1070083.JPG
321031ff-af48-5d1e-bfe3-597fcd52cc25,image,11,https://n2t.net/ark:/15052/ad721e3a-865f-47f1-bfa9-d17606c30553,Brabant Cloud ARK Identifier,http://gebouwen.brabantcloud.nl/entity/Q2311,Wikibase,Oudenbosch P1070184,Primary,Nederlands,CC BY-SA,https://upload.wikimedia.org/wikipedia/commons/5/5c/Oudenbosch_P1070184.JPG
ecf3e17b-1781-5878-a755-84bf69ecbf87,image,11,https://n2t.net/ark:/15052/d9ff1960-3f2f-427e-b854-ced377f9d11e,Brabant Cloud ARK Identifier,http://gebouwen.brabantcloud.nl/entity/Q1668,Wikibase,Klooster St. Jozefgaarde Helmond Monument 513031,Primary,Nederlands,CC BY-SA,https://upload.wikimedia.org/wikipedia/commons/c/c4/Klooster_St._Jozefgaarde_Helmond_Monument_513031.jpg
c185dbf6-68d1-5bd5-8086-6e93bf5843ef,image,11,https://n2t.net/ark:/15052/78349ec0-fe01-4dfc-a28f-15edcc79e484,Brabant Cloud ARK Identifier,http://gebouwen.brabantcloud.nl/entity/Q1890,Wikibase,Mariaoord-Vught (2),Primary,Nederlands,CC BY-SA,https://upload.wikimedia.org/wikipedia/commons/c/ce/Mariaoord-Vught_%282%29.JPG
29dd7eb1-f3ae-596e-b39a-4e3422d6531a,image,11,https://n2t.net/ark:/15052/e7e60861-aaa1-4460-8e3e-efe40f1e55cc,Brabant Cloud ARK Identifier,http://gebouwen.brabantcloud.nl/entity/Q1894,Wikibase,Marienhof-Vught,Primary,Nederlands,CC BY-SA,https://upload.wikimedia.org/wikipedia/commons/e/ed/Marienhof-Vught.JPG
a69af003-3c56-5af8-94c6-c802d35bb12b,image,11,https://n2t.net/ark:/15052/a9619896-bb95-437f-8832-585abe052b75,Brabant Cloud ARK Identifier,http://gebouwen.brabantcloud.nl/entity/Q1345,Wikibase,T.T Klooster Pastoor van Erpstraat Schijndel (2),Primary,Nederlands,CC BY-SA,https://upload.wikimedia.org/wikipedia/commons/3/3e/T.T_Klooster_Pastoor_van_Erpstraat_Schijndel_%282%29.JPG
a69af003-3c56-5af8-94c6-c802d35bb12b,image,11,https://n2t.net/ark:/15052/4a865521-af3a-4d3c-a900-0309b412cc6c,Brabant Cloud ARK Identifier,http://gebouwen.brabantcloud.nl/entity/Q2288,Wikibase,T.T Klooster Pastoor van Erpstraat Schijndel (1),Primary,Nederlands,CC BY-SA,https://upload.wikimedia.org/wikipedia/commons/b/be/T.T_Klooster_Pastoor_van_Erpstraat_Schijndel_%281%29.JPG
3abf112b-5c4b-5b52-a89a-451f28ca005f,image,11,https://n2t.net/ark:/15052/9f9005fa-5734-4dc2-802d-4d9ee7d37d56,Brabant Cloud ARK Identifier,http://gebouwen.brabantcloud.nl/entity/Q1903,Wikibase,Veghel Franciscan nunnery,Primary,Nederlands,CC BY-SA,https://upload.wikimedia.org/wikipedia/commons/d/dd/Veghel_Franciscan_nunnery.JPG
52d1882e-130e-5326-8276-d0655f8af563,image,11,https://n2t.net/ark:/15052/3d7534d6-af79-45aa-b38f-390ee8213ad9,Brabant Cloud ARK Identifier,http://gebouwen.brabantcloud.nl/entity/Q1750,Wikibase,"Haren, ancien couvent Bethlehem",Primary,Nederlands,CC0,https://upload.wikimedia.org/wikipedia/commons/0/05/Haren%2C_ancien_couvent_Bethlehem.JPG
6e3a7003-7913-5910-b13c-2b60ef08cf3c,image,11,https://n2t.net/ark:/15052/e274b827-2a65-4469-a3d2-3d0d8d083fba,Brabant Cloud ARK Identifier,http://gebouwen.brabantcloud.nl/entity/Q6840,Wikibase,Kloosterstraat 5 Herpen voorkant,Primary,Nederlands,CC BY-SA,https://upload.wikimedia.org/wikipedia/commons/7/73/Kloosterstraat_5_Herpen_voorkant.jpg
58fb995a-23c2-54ab-bb7c-ac3bc9f30f12,image,11,https://n2t.net/ark:/15052/6b1d652c-c910-466b-b189-84d351200a25,Brabant Cloud ARK Identifier,http://gebouwen.brabantcloud.nl/entity/Q6839,Wikibase,Alard van Herpenplein 4 Herpen voorkant,Primary,Nederlands,CC BY-SA,https://upload.wikimedia.org/wikipedia/commons/6/6c/Alard_van_Herpenplein_4_Herpen_voorkant.jpg
837c21b7-90e4-5ec8-9adb-5b836f3883ba,image,11,https://n2t.net/ark:/15052/6f2e0d00-b575-428b-aecd-83ccb1ec25b1,Brabant Cloud ARK Identifier,http://gebouwen.brabantcloud.nl/entity/Q1958,Wikibase,Exterieur overzicht abdijkerk met kloostergedeelte - Berkel-Enschot - 20001112 - RCE,Primary,Nederlands,CC BY-SA,https://upload.wikimedia.org/wikipedia/commons/c/c2/Exterieur_overzicht_abdijkerk_met_kloostergedeelte_-_Berkel-Enschot_-_20001112_-_RCE.jpg
837c21b7-90e4-5ec8-9adb-5b836f3883ba,image,11,https://n2t.net/ark:/15052/b5e66832-13bf-415b-b58f-00fd39e2a676,Brabant Cloud ARK Identifier,http://gebouwen.brabantcloud.nl/entity/Q2302,Wikibase,Koningshoeven,Primary,Nederlands,CC BY-SA,https://upload.wikimedia.org/wikipedia/commons/5/58/Koningshoeven.jpg
f1294848-da86-5562-abd0-f14aa3847b69,image,11,https://n2t.net/ark:/15052/fc74e1e5-21c2-4590-b247-98bd91d45e2f,Brabant Cloud ARK Identifier,http://gebouwen.brabantcloud.nl/entity/Q1968,Wikibase,"Overzicht voorgevel poortgebouw, met Maria beelden - Berkel-Enschot - 20342773 - RCE",Primary,Nederlands,CC BY-SA,https://upload.wikimedia.org/wikipedia/commons/d/dd/Overzicht_voorgevel_poortgebouw%2C_met_Maria_beelden_-_Berkel-Enschot_-_20342773_-_RCE.jpg
5e24442e-a3f0-5c56-8733-f3c00b4e57c4,image,11,https://n2t.net/ark:/15052/51535013-5110-4a0c-b761-4389a9453b6e,Brabant Cloud ARK Identifier,http://gebouwen.brabantcloud.nl/entity/Q1963,Wikibase,Berkel Enschot - Eindhovenseweg 8 De Rendierhoeve,Primary,Nederlands,CC BY-SA,https://upload.wikimedia.org/wikipedia/commons/7/72/Berkel_Enschot_-_Eindhovenseweg_8_De_Rendierhoeve.jpg
8e6ca3ca-1cec-5d86-8ec0-4435c43d571c,image,11,https://n2t.net/ark:/15052/f1ba6481-4b67-41da-baef-dc5183f95cfb,Brabant Cloud ARK Identifier,http://gebouwen.brabantcloud.nl/entity/Q1971,Wikibase,Tilburg 7 T RM Complex Zusters van liefde t Klooster 2 25012020,Primary,Nederlands,CC BY-SA,https://upload.wikimedia.org/wikipedia/commons/7/73/Tilburg_7_T_RM_Complex_Zusters_van_liefde_t_Klooster_2_25012020.jpg
9ae975ab-e60b-5271-9b46-ee01b6bd809e,image,11,https://n2t.net/ark:/15052/3d15c234-a62a-4cc3-b46e-e901cef59d77,Brabant Cloud ARK Identifier,http://gebouwen.brabantcloud.nl/entity/Q1965,Wikibase,521103-KloosterSchans,Primary,Nederlands,CC BY-SA,https://upload.wikimedia.org/wikipedia/commons/0/0c/521103-KloosterSchans.JPG
f2e52c36-242d-5da3-8f0d-a718e47cab8e,image,11,https://n2t.net/ark:/15052/4979b8c3-7056-4957-9fea-78a8b7347467,Brabant Cloud ARK Identifier,http://gebouwen.brabantcloud.nl/entity/Q1967,Wikibase,"Overzicht voorgevel en rechter zijgevel, klooster - Tilburg - 20344192 - RCE",Primary,Nederlands,CC BY-SA,https://upload.wikimedia.org/wikipedia/commons/a/a7/Overzicht_voorgevel_en_rechter_zijgevel%2C_klooster_-_Tilburg_-_20344192_-_RCE.jpg
3da29b13-5b2b-5570-b143-181a382af50d,image,11,https://n2t.net/ark:/15052/f09a3764-97e1-4a81-a07f-90ec5142ac23,Brabant Cloud ARK Identifier,http://gebouwen.brabantcloud.nl/entity/Q1972,Wikibase,Overzicht voorgevel - Udenhout - 20342772 - RCE,Primary,Nederlands,CC BY-SA,https://upload.wikimedia.org/wikipedia/commons/6/61/Overzicht_voorgevel_-_Udenhout_-_20342772_-_RCE.jpg
acee27e9-d96d-5964-b35a-63005638683f,image,11,https://n2t.net/ark:/15052/1fad672d-5306-46aa-b53f-28710bd897dc,Brabant Cloud ARK Identifier,http://gebouwen.brabantcloud.nl/entity/Q1573,Wikibase,Koningshof Veldhoven Entrance,Primary,Nederlands,CC0,https://upload.wikimedia.org/wikipedia/commons/8/89/Koningshof_Veldhoven_Entrance.jpg
ed9897cb-9137-5da3-9696-b8543a8458f5,image,11,https://n2t.net/ark:/15052/51e5a128-ab03-4584-bbff-de1b74ee5a74,Brabant Cloud ARK Identifier,http://gebouwen.brabantcloud.nl/entity/Q1981,Wikibase,Waspik - Carmelietenstraat 58 - Voormalig klooster - St. Theresiakerk gevelsteen,Primary,Nederlands,CC BY-SA,https://upload.wikimedia.org/wikipedia/commons/a/ae/Waspik_-_Carmelietenstraat_58_-_Voormalig_klooster_-_St._Theresiakerk_gevelsteen.jpg
dd6190b7-ff34-5865-90e5-edfd1aacc540,image,11,https://n2t.net/ark:/15052/18decb9d-c29b-4952-b978-67e1d3a9c634,Brabant Cloud ARK Identifier,http://gebouwen.brabantcloud.nl/entity/Q1320,Wikibase,Annenborch-Rosmalen (2),Primary,Nederlands,CC BY-SA,https://upload.wikimedia.org/wikipedia/commons/1/1d/Annenborch-Rosmalen_%282%29.JPG
3d9982ea-fec9-566d-ab2c-1abf1a66f67a,image,11,https://n2t.net/ark:/15052/2da9a6a8-849d-4f88-9ba1-9e0fcd4a9476,Brabant Cloud ARK Identifier,http://gebouwen.brabantcloud.nl/entity/Q1707,Wikibase,"Mill, l'église",Primary,Nederlands,CC0,https://upload.wikimedia.org/wikipedia/commons/7/7a/Mill%2C_l%27%C3%A9glise.JPG
df026a35-3319-5157-a947-f13144799121,image,11,https://n2t.net/ark:/15052/958b9cbd-166b-4fed-b3f4-86b7892c589b,Brabant Cloud ARK Identifier,http://gebouwen.brabantcloud.nl/entity/Q1372,Wikibase,Vm klooster en gasthuis Loo 83 Bergeijk Monument 517902,Primary,Nederlands,CC BY-SA,https://upload.wikimedia.org/wikipedia/commons/c/cd/Vm_klooster_en_gasthuis_Loo_83_Bergeijk_Monument_517902.jpg
df87b39d-b3d5-565c-a017-da19f947f952,image,11,https://n2t.net/ark:/15052/3e05d43c-d017-4b6e-a3d8-c97246e7b3fb,Brabant Cloud ARK Identifier,http://gebouwen.brabantcloud.nl/entity/Q1408,Wikibase,"Heeswijk abdij Berne, Rijksmonument 525728 oudste kloostergebouw",Primary,Nederlands,CC0,https://upload.wikimedia.org/wikipedia/commons/8/8e/Heeswijk_abdij_Berne%2C_Rijksmonument_525728_oudste_kloostergebouw.JPG
df87b39d-b3d5-565c-a017-da19f947f952,image,11,https://n2t.net/ark:/15052/ee1f917c-c3a2-4d64-9d54-97a9c294f789,Brabant Cloud ARK Identifier,http://gebouwen.brabantcloud.nl/entity/Q1404,Wikibase,Berne boom,Primary,Nederlands,CC BY-SA,https://upload.wikimedia.org/wikipedia/commons/9/94/Berne_boom.jpg
df87b39d-b3d5-565c-a017-da19f947f952,image,11,https://n2t.net/ark:/15052/5fad68cf-ed4f-4d3a-8c2b-62c8715f5aef,Brabant Cloud ARK Identifier,http://gebouwen.brabantcloud.nl/entity/Q1398,Wikibase,"Heeswijk abdij Berne, Rijksmonument 520573 2e kloostergebouw",Primary,Nederlands,CC0,https://upload.wikimedia.org/wikipedia/commons/c/cb/Heeswijk_abdij_Berne%2C_Rijksmonument_520573_2e_kloostergebouw.JPG
df87b39d-b3d5-565c-a017-da19f947f952,image,11,https://n2t.net/ark:/15052/dd1125cc-2d0f-4a45-9331-e6ccc01cf0a0,Brabant Cloud ARK Identifier,http://gebouwen.brabantcloud.nl/entity/Q1405,Wikibase,"Heeswijk abdij Berne, Rijksmonument 525734 oud voormalig gymnasium",Primary,Nederlands,CC0,https://upload.wikimedia.org/wikipedia/commons/f/f7/Heeswijk_abdij_Berne%2C_Rijksmonument_525734_oud_voormalig_gymnasium.JPG
117f5a34-b01d-588a-80bd-5d6ed906c5af,image,11,https://n2t.net/ark:/15052/bd79dc21-d51f-400b-8a8f-7ec8eb00889c,Brabant Cloud ARK Identifier,http://gebouwen.brabantcloud.nl/entity/Q1399,Wikibase,Bergen op Zoom - Sint-Catharinaplein bejaardentehuis,Primary,Nederlands,CC BY-SA,https://upload.wikimedia.org/wikipedia/commons/6/6f/Bergen_op_Zoom_-_Sint-Catharinaplein_bejaardentehuis.jpg
0324418d-af86-5e61-9165-5c1596182406,image,11,https://n2t.net/ark:/15052/e5fc814f-5395-4ed2-9cdb-5dd3de21531c,Brabant Cloud ARK Identifier,http://gebouwen.brabantcloud.nl/entity/Q1466,Wikibase,Breda kloosterkazerne,Primary,Nederlands,CC BY-SA,https://upload.wikimedia.org/wikipedia/commons/d/df/Breda_kloosterkazerne.jpg
b8c485cb-c842-5783-b65c-f00bc89d7ac2,image,11,https://n2t.net/ark:/15052/e95e14f0-9a35-4d06-a59d-5af47d8d8916,Brabant Cloud ARK Identifier,http://gebouwen.brabantcloud.nl/entity/Q1416,Wikibase,Boxmeer Rijksmonument 10031 Carmelietenklooster Steenstraat 39,Primary,Nederlands,CC0,https://upload.wikimedia.org/wikipedia/commons/0/03/Boxmeer_Rijksmonument_10031_Carmelietenklooster_Steenstraat_39.JPG
b8c485cb-c842-5783-b65c-f00bc89d7ac2,image,11,https://n2t.net/ark:/15052/1fa2dc34-d0a9-47c0-8e78-d9382c7c0a97,Brabant Cloud ARK Identifier,http://gebouwen.brabantcloud.nl/entity/Q1417,Wikibase,"Boxmeer Rijksmonument 10031 Carmelietenklooster, poort",Primary,Nederlands,CC0,https://upload.wikimedia.org/wikipedia/commons/4/44/Boxmeer_Rijksmonument_10031_Carmelietenklooster%2C_poort.JPG
c93dfc28-81b7-509b-b05b-89eb3edfb30a,image,11,https://n2t.net/ark:/15052/fd74e5e1-ee26-4bb9-b660-db77578a0cab,Brabant Cloud ARK Identifier,http://gebouwen.brabantcloud.nl/entity/Q1491,Wikibase,Breda Sint Fidelis,Primary,Nederlands,CC BY-SA,https://upload.wikimedia.org/wikipedia/commons/b/b6/Breda_Sint_Fidelis.jpg
c3824bb0-7e91-5b49-b6d4-249b72b100aa,image,11,https://n2t.net/ark:/15052/08399ab0-5818-4f24-82e6-a82dd9c7f549,Brabant Cloud ARK Identifier,http://gebouwen.brabantcloud.nl/entity/Q1439,Wikibase,Boxmeer Rijksmonument 518521 Woonhuis opgenomen in klooster de Weijer,Primary,Nederlands,CC0,https://upload.wikimedia.org/wikipedia/commons/5/58/Boxmeer_Rijksmonument_518521_Woonhuis_opgenomen_in_klooster_de_Weijer.JPG
c3824bb0-7e91-5b49-b6d4-249b72b100aa,image,11,https://n2t.net/ark:/15052/5b07e9ad-24b6-4b01-9f6c-63ec20c5e9db,Brabant Cloud ARK Identifier,http://gebouwen.brabantcloud.nl/entity/Q1421,Wikibase,Weijer-Boxmeer,Primary,Nederlands,CC BY-SA,https://upload.wikimedia.org/wikipedia/commons/0/05/Weijer-Boxmeer.JPG
8daacaeb-29de-5509-8aac-79f9a62ac6d8,image,11,https://n2t.net/ark:/15052/ec0903ba-8eaf-4ee1-89c6-f67ba78096ec,Brabant Cloud ARK Identifier,http://gebouwen.brabantcloud.nl/entity/Q1497,Wikibase,Voorgevel met ingangspartij - Breda - 20533677 - RCE,Primary,Nederlands,CC BY-SA,https://upload.wikimedia.org/wikipedia/commons/a/a5/Voorgevel_met_ingangspartij_-_Breda_-_20533677_-_RCE.jpg
8bfca323-acfb-5968-b652-1251436d9644,image,11,https://n2t.net/ark:/15052/efbe87eb-8ac6-446d-adec-e3f1a2ded569,Brabant Cloud ARK Identifier,http://gebouwen.brabantcloud.nl/entity/Q1495,Wikibase,P1010545Voormalig St. Franciscus klooster,Primary,Nederlands,CC BY,https://upload.wikimedia.org/wikipedia/commons/5/51/P1010545Voormalig_St._Franciscus_klooster.JPG
9eef099e-12af-5197-a9ad-84577171a2fb,image,11,https://n2t.net/ark:/15052/54f0b52a-42f4-448f-8c1b-ab31d314ee0d,Brabant Cloud ARK Identifier,http://gebouwen.brabantcloud.nl/entity/Q1498,Wikibase,Overzicht linker zijgevel van het gesticht en gevel van de er achtergelegen kapel met dakruiter - Breda - 20329527 - RCE,Primary,Nederlands,CC BY-SA,https://upload.wikimedia.org/wikipedia/commons/7/79/Overzicht_linker_zijgevel_van_het_gesticht_en_gevel_van_de_er_achtergelegen_kapel_met_dakruiter_-_Breda_-_20329527_-_RCE.jpg
c38e5b70-48b6-5d82-b3af-cb5d2cfdd958,image,11,https://n2t.net/ark:/15052/b26b1b2f-aa81-4ba2-91a4-aea7ad713281,Brabant Cloud ARK Identifier,http://gebouwen.brabantcloud.nl/entity/Q1444,Wikibase,T.T vm boerderij bij Klooster Grotestraat bij 69 Sambeek 525200,Primary,Nederlands,CC BY-SA,https://upload.wikimedia.org/wikipedia/commons/a/ad/T.T_vm_boerderij_bij_Klooster_Grotestraat_bij_69_Sambeek_525200.JPG
c38e5b70-48b6-5d82-b3af-cb5d2cfdd958,image,11,https://n2t.net/ark:/15052/e934850a-cd17-42c2-81c8-7e6ef21e6d8e,Brabant Cloud ARK Identifier,http://gebouwen.brabantcloud.nl/entity/Q1445,Wikibase,T.T Kloostervleugel Grotestraat bij 69 Sambeek 518531,Primary,Nederlands,CC BY-SA,https://upload.wikimedia.org/wikipedia/commons/f/f6/T.T_Kloostervleugel_Grotestraat_bij_69_Sambeek_518531.JPG
c38e5b70-48b6-5d82-b3af-cb5d2cfdd958,image,11,https://n2t.net/ark:/15052/ea4d26e7-882f-44e3-922a-5a8b78c398d8,Brabant Cloud ARK Identifier,http://gebouwen.brabantcloud.nl/entity/Q1446,Wikibase,Overzicht voorgevel hoofdgebouw - Sambeek - 20340871 - RCE,Primary,Nederlands,CC BY-SA,https://upload.wikimedia.org/wikipedia/commons/e/ea/Overzicht_voorgevel_hoofdgebouw_-_Sambeek_-_20340871_-_RCE.jpg
bb3872b9-40cc-5d0f-a83c-499a1bff9082,image,11,https://n2t.net/ark:/15052/93ce2b9d-ceae-4dd2-ab00-06c13ff4a692,Brabant Cloud ARK Identifier,http://gebouwen.brabantcloud.nl/entity/Q2291,Wikibase,Zuiderhout P1060681,Primary,Nederlands,CC BY-SA,https://upload.wikimedia.org/wikipedia/commons/d/d4/Zuiderhout_P1060681.JPG
76ae6369-4749-5e41-aa12-986f29606350,image,11,https://n2t.net/ark:/15052/03af9516-fcd8-4623-a2a7-f4fe1cd38455,Brabant Cloud ARK Identifier,http://gebouwen.brabantcloud.nl/entity/Q1765,Wikibase,Ravenstein - St Luciastraat 5,Primary,Nederlands,CC BY-SA,https://upload.wikimedia.org/wikipedia/commons/e/e0/Ravenstein_-_St_Luciastraat_5.jpg
0ef0988e-b105-5cb1-a515-5c8aa88406ad,image,11,https://n2t.net/ark:/15052/acb717bb-63ac-47c6-bae3-1216831ce5e6,Brabant Cloud ARK Identifier,http://gebouwen.brabantcloud.nl/entity/Q1474,Wikibase,Cuijk - Grotestraat 66,Primary,Nederlands,CC BY-SA,https://upload.wikimedia.org/wikipedia/commons/f/f0/Cuijk_-_Grotestraat_66.jpg
6f6d7fbe-d6b3-54e1-8871-5a1d3c81d7ca,image,11,https://n2t.net/ark:/15052/c9db888e-628a-4f60-99f3-990699f1d000,Brabant Cloud ARK Identifier,http://gebouwen.brabantcloud.nl/entity/Q1529,Wikibase,Zeilberg 517766 St. Willibrordus Blasiusstraat4,Primary,Nederlands,CC BY-SA,https://upload.wikimedia.org/wikipedia/commons/6/6e/Zeilberg_517766_St._Willibrordus_Blasiusstraat4.jpg
f1fae857-ba4b-53e6-83df-a51b47f598e1,image,11,https://n2t.net/ark:/15052/b14faea0-0212-40fa-9e84-ab4ce0c6f3df,Brabant Cloud ARK Identifier,http://gebouwen.brabantcloud.nl/entity/Q1528,Wikibase,Vincentiushuis,Primary,Nederlands,CC BY-SA,https://upload.wikimedia.org/wikipedia/commons/f/fe/Vincentiushuis.jpg
5abfc21c-44da-5a56-b35d-969fcf6af961,image,11,https://n2t.net/ark:/15052/e28bafd2-93aa-41b1-9c36-cec4ba0fc20e,Brabant Cloud ARK Identifier,http://gebouwen.brabantcloud.nl/entity/Q1627,Wikibase,Handel Rijksmonument 16060 Capucijnenklooster zuidzijde,Primary,Nederlands,CC0,https://upload.wikimedia.org/wikipedia/commons/b/b6/Handel_Rijksmonument_16060_Capucijnenklooster_zuidzijde.JPG
4df91712-2a25-5f62-b6e6-6fa868f63b68,image,11,https://n2t.net/ark:/15052/6a7f84b2-70ab-400a-925e-2bda44f63795,Brabant Cloud ARK Identifier,http://gebouwen.brabantcloud.nl/entity/Q1962,Wikibase,521078-KloosterCapucijnen,Primary,Nederlands,CC BY-SA,https://upload.wikimedia.org/wikipedia/commons/d/db/521078-KloosterCapucijnen.JPG
17ead4a4-8701-58d5-abf2-bbf096f9a87f,image,11,https://n2t.net/ark:/15052/ad9c1354-d8de-480d-bc3f-8c752df8caa3,Brabant Cloud ARK Identifier,http://gebouwen.brabantcloud.nl/entity/Q1613,Wikibase,Stationsstraat 21 Geldrop Klooster Sint-Antoniushuis,Primary,Nederlands,CC BY-SA,https://upload.wikimedia.org/wikipedia/commons/9/9b/Stationsstraat_21_Geldrop_Klooster_Sint-Antoniushuis.jpg
926d6c6a-498a-582c-a9a9-0f3329341954,image,11,https://n2t.net/ark:/15052/135a88c1-8d7f-43d7-9bb7-fd7b504ccab2,Brabant Cloud ARK Identifier,http://gebouwen.brabantcloud.nl/entity/Q1806,Wikibase,"Ravenstein, le sauvegarde sur l'église",Primary,Nederlands,CC0,https://upload.wikimedia.org/wikipedia/commons/7/7a/Ravenstein%2C_le_sauvegarde_sur_l%27%C3%A9glise.JPG
926d6c6a-498a-582c-a9a9-0f3329341954,image,11,https://n2t.net/ark:/15052/37ad502f-61c7-4071-9f01-1ca7175a134f,Brabant Cloud ARK Identifier,http://gebouwen.brabantcloud.nl/entity/Q1805,Wikibase,"Ravenstein, l'église Ste Lucia",Primary,Nederlands,CC0,https://upload.wikimedia.org/wikipedia/commons/e/ec/Ravenstein%2C_l%27%C3%A9glise_Ste_Lucia.JPG
926d6c6a-498a-582c-a9a9-0f3329341954,image,11,https://n2t.net/ark:/15052/7f8cff42-c7dd-4946-9aca-8cc6d6e2ea86,Brabant Cloud ARK Identifier,http://gebouwen.brabantcloud.nl/entity/Q2256,Wikibase,Overzicht noordwestgevel - Ravenstein - 20348503 - RCE,Primary,Nederlands,CC BY-SA,https://upload.wikimedia.org/wikipedia/commons/4/47/Overzicht_noordwestgevel_-_Ravenstein_-_20348503_-_RCE.jpg
80918dc4-c839-5046-b7e8-3d9f9e6d7ee8,image,11,https://n2t.net/ark:/15052/5c97558c-4d05-404b-9e33-8334c90f4752,Brabant Cloud ARK Identifier,http://gebouwen.brabantcloud.nl/entity/Q1656,Wikibase,Velp (NB) Rijksmonument 514138 Mariëndaal (De Binckhof) hoofdgebouw toren,Primary,Nederlands,CC0,https://upload.wikimedia.org/wikipedia/commons/0/05/Velp_%28NB%29_Rijksmonument_514138_Mari%C3%ABndaal_%28De_Binckhof%29_hoofdgebouw_toren.jpg
80918dc4-c839-5046-b7e8-3d9f9e6d7ee8,image,11,https://n2t.net/ark:/15052/aa43d92b-30da-4c84-9a7b-c0de976f2f36,Brabant Cloud ARK Identifier,http://gebouwen.brabantcloud.nl/entity/Q1665,Wikibase,Velp (NB) Rijksmonument 515569 Mariëndaal (De Binckhof) Bijgebouw naast keuken,Primary,Nederlands,CC0,https://upload.wikimedia.org/wikipedia/commons/1/1f/Velp_%28NB%29_Rijksmonument_515569_Mari%C3%ABndaal_%28De_Binckhof%29_Bijgebouw_naast_keuken.jpg
80918dc4-c839-5046-b7e8-3d9f9e6d7ee8,image,11,https://n2t.net/ark:/15052/9ad64d2b-6ef0-49ec-8eff-6df90369a216,Brabant Cloud ARK Identifier,http://gebouwen.brabantcloud.nl/entity/Q2287,Wikibase,"Velp (NB) Rijksmonument 514138 Mariëndaal (De Binckhof) na restauratie, voorkant",Primary,Nederlands,CC0,https://upload.wikimedia.org/wikipedia/commons/6/62/Velp_%28NB%29_Rijksmonument_514138_Mari%C3%ABndaal_%28De_Binckhof%29_na_restauratie%2C_voorkant.jpg
80918dc4-c839-5046-b7e8-3d9f9e6d7ee8,image,11,https://n2t.net/ark:/15052/8b3bf94f-b080-46fd-b685-3da4df90da9d,Brabant Cloud ARK Identifier,http://gebouwen.brabantcloud.nl/entity/Q1664,Wikibase,Velp (NB) Rijksmonument 514139 Mariëndaal (De Binckhof) keuken,Primary,Nederlands,CC0,https://upload.wikimedia.org/wikipedia/commons/f/fe/Velp_%28NB%29_Rijksmonument_514139_Mari%C3%ABndaal_%28De_Binckhof%29_keuken.jpg
bdcea21b-12db-5d25-8997-db3194a49be7,image,11,https://n2t.net/ark:/15052/ba9d70bf-bdd4-4e3f-89a5-5addd3cc14d5,Brabant Cloud ARK Identifier,http://gebouwen.brabantcloud.nl/entity/Q1663,Wikibase,Velp Rijksmonument 515528 oostelijke vleugel zusterklooster Basilius van Bruggelaan 2,Primary,Nederlands,CC0,https://upload.wikimedia.org/wikipedia/commons/7/77/Velp_Rijksmonument_515528_oostelijke_vleugel_zusterklooster_Basilius_van_Bruggelaan_2.JPG
bdcea21b-12db-5d25-8997-db3194a49be7,image,11,https://n2t.net/ark:/15052/3e799841-e82b-47d0-b808-a9a41751465d,Brabant Cloud ARK Identifier,http://gebouwen.brabantcloud.nl/entity/Q1666,Wikibase,Velp Rijksmonument 515527 kapel zusterklooster Basilius van Bruggelaan 2,Primary,Nederlands,CC0,https://upload.wikimedia.org/wikipedia/commons/9/9e/Velp_Rijksmonument_515527_kapel_zusterklooster_Basilius_van_Bruggelaan_2.JPG
bdcea21b-12db-5d25-8997-db3194a49be7,image,11,https://n2t.net/ark:/15052/e2959f2c-bf84-4481-9e55-3a49c8ca879d,Brabant Cloud ARK Identifier,http://gebouwen.brabantcloud.nl/entity/Q1660,Wikibase,Velp Rijksmonument 515525 middendeel met entree zusterklooster Basilius van Bruggelaan 2,Primary,Nederlands,CC0,https://upload.wikimedia.org/wikipedia/commons/b/ba/Velp_Rijksmonument_515525_middendeel_met_entree_zusterklooster_Basilius_van_Bruggelaan_2.JPG
bdcea21b-12db-5d25-8997-db3194a49be7,image,11,https://n2t.net/ark:/15052/5fa6d447-23d0-40fc-a38a-02f2dd7c435f,Brabant Cloud ARK Identifier,http://gebouwen.brabantcloud.nl/entity/Q1661,Wikibase,Velp Rijksmonument 514132 Oud gedeelte zusterklooster Basilius van Bruggelaan 2,Primary,Nederlands,CC0,https://upload.wikimedia.org/wikipedia/commons/2/2e/Velp_Rijksmonument_514132_Oud_gedeelte_zusterklooster_Basilius_van_Bruggelaan_2.JPG
bdcea21b-12db-5d25-8997-db3194a49be7,image,11,https://n2t.net/ark:/15052/78fb11c2-06be-4450-8f62-e07de867828a,Brabant Cloud ARK Identifier,http://gebouwen.brabantcloud.nl/entity/Q1654,Wikibase,Velp Rijksmonument 514133 westelijke vleugel zusterklooster Basilius van Bruggelaan,Primary,Nederlands,CC0,https://upload.wikimedia.org/wikipedia/commons/d/da/Velp_Rijksmonument_514133_westelijke_vleugel_zusterklooster_Basilius_van_Bruggelaan.JPG
bdcea21b-12db-5d25-8997-db3194a49be7,image,11,https://n2t.net/ark:/15052/61f4893b-4ac6-4062-961c-fc8082b6981a,Brabant Cloud ARK Identifier,http://gebouwen.brabantcloud.nl/entity/Q1662,Wikibase,Velp Rijksmonument 515526 zuidelijke vleugel zusterklooster Basilius van Bruggenlaan 2,Primary,Nederlands,CC0,https://upload.wikimedia.org/wikipedia/commons/d/dd/Velp_Rijksmonument_515526_zuidelijke_vleugel_zusterklooster_Basilius_van_Bruggenlaan_2.JPG
9f0c2338-21ac-566a-9350-a71331b17617,image,11,https://n2t.net/ark:/15052/263d50bd-0af6-46e9-b068-2583b49a5061,Brabant Cloud ARK Identifier,http://gebouwen.brabantcloud.nl/entity/Q2297,Wikibase,"Velp, inondation autour du monastère des capucins (BHIC)",Primary,Nederlands,CC BY-SA,https://upload.wikimedia.org/wikipedia/commons/a/a4/Velp%2C_inondation_autour_du_monast%C3%A8re_des_capucins_%28BHIC%29.JPG
d6c2b8e9-4704-575e-8b5a-f9618f9ce2de,image,11,https://n2t.net/ark:/15052/00c7e8cb-3748-4ea2-8b1d-30468bed6185,Brabant Cloud ARK Identifier,http://gebouwen.brabantcloud.nl/entity/Q1708,Wikibase,"St.Hubert, NL, Monastère orthodoxe russe",Primary,Nederlands,CC0,https://upload.wikimedia.org/wikipedia/commons/9/98/St.Hubert%2C_NL%2C_Monast%C3%A8re_orthodoxe_russe.JPG
f601324b-6d23-55d3-8109-8916bfb35acc,image,11,https://n2t.net/ark:/15052/9adc5c7d-de7f-45ce-b9b6-a1d08faf24fd,Brabant Cloud ARK Identifier,http://gebouwen.brabantcloud.nl/entity/Q2285,Wikibase,Clarissenklooster Molenstraat 74 Helmond Monument 513097,Primary,Nederlands,CC BY-SA,https://upload.wikimedia.org/wikipedia/commons/c/c8/Clarissenklooster_Molenstraat_74_Helmond_Monument_513097.jpg
e781de56-c4b4-5298-8ba1-fdb90518cf8d,image,11,https://n2t.net/ark:/15052/e5bd9289-4984-41eb-a0b3-0e6413d7f2a2,Brabant Cloud ARK Identifier,http://gebouwen.brabantcloud.nl/entity/Q1969,Wikibase,521082-Clarissenklooster,Primary,Nederlands,CC BY-SA,https://upload.wikimedia.org/wikipedia/commons/e/e5/521082-Clarissenklooster.JPG
b7394bc1-1691-5fa1-85d8-803d1b2e1fbe,image,11,https://n2t.net/ark:/15052/416ab339-4054-44b5-ad6d-f6c9b9165c82,Brabant Cloud ARK Identifier,http://gebouwen.brabantcloud.nl/entity/Q1737,Wikibase,Zeeland Rijksmonument 519138 kerk Kerkstraat 51,Primary,Nederlands,CC0,https://upload.wikimedia.org/wikipedia/commons/1/18/Zeeland_Rijksmonument_519138_kerk_Kerkstraat_51.JPG
3a82e67e-71de-576a-b67c-c5680f513478,image,11,https://n2t.net/ark:/15052/62862627-d875-41f7-ba87-14e7ef271534,Brabant Cloud ARK Identifier,http://gebouwen.brabantcloud.nl/entity/Q2304,Wikibase,Sint-Paulusabdij P1050105,Primary,Nederlands,CC BY-SA,https://upload.wikimedia.org/wikipedia/commons/d/df/Sint-Paulusabdij_P1050105.JPG
e6ef0395-5aa6-5a14-88e9-7986b707625e,image,11,https://n2t.net/ark:/15052/f5ebb5e8-dec0-4e27-9d69-4b425e1a1250,Brabant Cloud ARK Identifier,http://gebouwen.brabantcloud.nl/entity/Q2303,Wikibase,Rijksmonumenten Roosendaal 312,Primary,Nederlands,CC BY,https://upload.wikimedia.org/wikipedia/commons/f/fb/Rijksmonumenten_Roosendaal_312.JPG
29e90482-356e-5467-8c3a-9fbd2ab1819d,image,11,https://n2t.net/ark:/15052/f190dadc-f833-43b7-888e-f0ce64f48796,Brabant Cloud ARK Identifier,http://gebouwen.brabantcloud.nl/entity/Q1779,Wikibase,Oirschot Rijksmonument 31309 klooster Nieuwstraat 28,Primary,Nederlands,CC0,https://upload.wikimedia.org/wikipedia/commons/d/d6/Oirschot_Rijksmonument_31309_klooster_Nieuwstraat_28.JPG
eb045ee6-523d-5da3-937e-2976bf1339f5,image,11,https://n2t.net/ark:/15052/9a009d54-2aa1-427f-b854-b24fa631d6bf,Brabant Cloud ARK Identifier,http://gebouwen.brabantcloud.nl/entity/Q2292,Wikibase,Hooidonk kapelletje 005,Primary,Nederlands,CC BY-SA,https://upload.wikimedia.org/wikipedia/commons/e/e7/Hooidonk_kapelletje_005.jpg
f5183ff9-0304-580e-a2df-7e60d3f03380,image,11,https://n2t.net/ark:/15052/d1e182bc-f18f-47d7-8079-311bebd4170a,Brabant Cloud ARK Identifier,http://gebouwen.brabantcloud.nl/entity/Q1777,Wikibase,Oirschot Rijksmonument 31278 Koestraat 14-18 St.Franciscushof,Primary,Nederlands,CC0,https://upload.wikimedia.org/wikipedia/commons/d/db/Oirschot_Rijksmonument_31278_Koestraat_14-18_St.Franciscushof.JPG
7ca41b5c-3658-5d9c-a811-7d3e841eaee5,image,11,https://n2t.net/ark:/15052/4311851a-da4e-48ed-856e-97877138fea8,Brabant Cloud ARK Identifier,http://gebouwen.brabantcloud.nl/entity/Q1785,Wikibase,Nuenen-Park-1,Primary,Nederlands,CC BY-SA,https://upload.wikimedia.org/wikipedia/commons/7/77/Nuenen-Park-1.jpg
3474ebba-fff0-5947-848b-6befacd911f2,image,11,https://n2t.net/ark:/15052/ec49af87-12d4-43c6-a62a-a17fb380b0b4,Brabant Cloud ARK Identifier,http://gebouwen.brabantcloud.nl/entity/Q1795,Wikibase,"Oirschot Rijksmonument 519172 Klooster Nazareth, Koestraat 37",Primary,Nederlands,CC0,https://upload.wikimedia.org/wikipedia/commons/2/29/Oirschot_Rijksmonument_519172_Klooster_Nazareth%2C_Koestraat_37.JPG
3474ebba-fff0-5947-848b-6befacd911f2,image,11,https://n2t.net/ark:/15052/b09e57e0-c1e4-4fcc-8ed5-5ac397a0d90d,Brabant Cloud ARK Identifier,http://gebouwen.brabantcloud.nl/entity/Q1793,Wikibase,Oirschot Rijksmonument 520061 trappenhuis internaat Koestraat 35,Primary,Nederlands,CC0,https://upload.wikimedia.org/wikipedia/commons/c/ca/Oirschot_Rijksmonument_520061_trappenhuis_internaat_Koestraat_35.JPG
3474ebba-fff0-5947-848b-6befacd911f2,image,11,https://n2t.net/ark:/15052/bf093d26-9d64-47e2-9fd6-612de918fabf,Brabant Cloud ARK Identifier,http://gebouwen.brabantcloud.nl/entity/Q1792,Wikibase,Oirschot Rijksmonument 520062 Rectorswoning Koestraat 39,Primary,Nederlands,CC0,https://upload.wikimedia.org/wikipedia/commons/4/46/Oirschot_Rijksmonument_520062_Rectorswoning_Koestraat_39.JPG
4aa88f79-3782-5dfa-abb5-c83705b0e054,image,11,https://n2t.net/ark:/15052/2ff3018f-dbcc-4095-bf04-f75351d084bd,Brabant Cloud ARK Identifier,http://gebouwen.brabantcloud.nl/entity/Q2310,Wikibase,"Megen rijksmonument 28513 Clarissenklooster, Clarastraat 2",Primary,Nederlands,CC0,https://upload.wikimedia.org/wikipedia/commons/0/0e/Megen_rijksmonument_28513_Clarissenklooster%2C_Clarastraat_2.JPG
059f78dd-8ed8-5bbd-a7e5-ca03456f63ff,image,11,https://n2t.net/ark:/15052/338e075c-d68e-4cff-b196-4b1f812fcc53,Brabant Cloud ARK Identifier,http://gebouwen.brabantcloud.nl/entity/Q1761,Wikibase,Ravenstein - Marktstraat 13,Primary,Nederlands,CC BY-SA,https://upload.wikimedia.org/wikipedia/commons/d/d4/Ravenstein_-_Marktstraat_13.jpg
c1c45042-cd9f-57fb-9b1a-5250d5718e64,image,11,https://n2t.net/ark:/15052/8c48ffdf-c50d-4579-9507-3c47eee1ef3e,Brabant Cloud ARK Identifier,http://gebouwen.brabantcloud.nl/entity/Q6849,Wikibase,Soeterbeeck,Primary,Nederlands,CC BY-SA,https://upload.wikimedia.org/wikipedia/commons/0/04/Soeterbeeck.jpg
c1c45042-cd9f-57fb-9b1a-5250d5718e64,image,11,https://n2t.net/ark:/15052/5d9a45a8-b15b-47b4-bd0b-9d15a99a0b7d,Brabant Cloud ARK Identifier,http://gebouwen.brabantcloud.nl/entity/Q1754,Wikibase,"Deursen, ancien couvent Soeterbeeck",Primary,Nederlands,CC0,https://upload.wikimedia.org/wikipedia/commons/0/00/Deursen%2C_ancien_couvent_Soeterbeeck.JPG
9ff6e82b-7fa6-5611-b8a1-2ff832019d93,image,11,https://n2t.net/ark:/15052/ee048eb6-048c-4e90-a41a-076092fb9373,Brabant Cloud ARK Identifier,http://gebouwen.brabantcloud.nl/entity/Q1881,Wikibase,Vorstenburgh,Primary,Nederlands,CC BY-SA,https://upload.wikimedia.org/wikipedia/commons/5/5f/Vorstenburgh.jpg
b5015326-f198-5138-ac1c-0b08a61bc942,image,11,https://n2t.net/ark:/15052/12aed601-1e71-4485-b6c7-5e575942fe1d,Brabant Cloud ARK Identifier,http://gebouwen.brabantcloud.nl/entity/Q1877,Wikibase,T.T Kruisherenklooster Uden,Primary,Nederlands,CC BY-SA,https://upload.wikimedia.org/wikipedia/commons/6/6f/T.T_Kruisherenklooster_Uden.JPG
7a3095fe-e15e-5b67-941a-26c002ea3840,image,11,https://n2t.net/ark:/15052/b1b6701f-0257-4b60-bfc2-09932b30857e,Brabant Cloud ARK Identifier,http://gebouwen.brabantcloud.nl/entity/Q1878,Wikibase,T.T Retraitehuis Uden,Primary,Nederlands,CC BY-SA,https://upload.wikimedia.org/wikipedia/commons/0/0b/T.T_Retraitehuis_Uden.JPG
9af8152f-4e13-5358-ad85-648e2ed28ebd,image,11,https://n2t.net/ark:/15052/c015aa8b-664f-40b2-a5fe-6f9b26dd8966,Brabant Cloud ARK Identifier,http://gebouwen.brabantcloud.nl/entity/Q1925,Wikibase,Monument 513720 Hoogstraat 6-8 Waalre,Primary,Nederlands,CC BY-SA,https://upload.wikimedia.org/wikipedia/commons/1/1a/Monument_513720_Hoogstraat_6-8_Waalre.jpg
1448d57f-2835-5403-85dd-f98a293db5fb,image,11,https://n2t.net/ark:/15052/36dfbaba-36fe-4c64-b863-7c3aceccd33b,Brabant Cloud ARK Identifier,http://gebouwen.brabantcloud.nl/entity/Q1896,Wikibase,Voorburg broederkloost,Primary,Nederlands,CC BY-SA,https://upload.wikimedia.org/wikipedia/commons/6/69/Voorburg_broederkloost.JPG
931c6ee0-5309-5863-b372-ee3de6e51542,image,11,https://n2t.net/ark:/15052/f570c161-a0e9-4b20-83d7-24888b5c49d4,Brabant Cloud ARK Identifier,http://gebouwen.brabantcloud.nl/entity/Q1904,Wikibase,Veghel - Pastoor van Haarenstraat 44 - Voorm. Nicolaasklooster,Primary,Nederlands,CC BY-SA,https://upload.wikimedia.org/wikipedia/commons/d/dd/Veghel_-_Pastoor_van_Haarenstraat_44_-_Voorm._Nicolaasklooster.jpg
023cf90e-d3ff-5bc9-8fb6-c47303f1de60,image,11,https://n2t.net/ark:/15052/c6f452c9-f5c8-47e0-9c92-2be50d909940,Brabant Cloud ARK Identifier,http://gebouwen.brabantcloud.nl/entity/Q1892,Wikibase,Voorburg zusterklooster (2),Primary,Nederlands,CC BY-SA,https://upload.wikimedia.org/wikipedia/commons/c/ce/Voorburg_zusterklooster_%282%29.JPG
30e5e574-4d58-5fe5-93f1-a732a1f524e3,image,11,https://n2t.net/ark:/15052/bfda9448-9ca6-4c77-8187-43efab354e03,Brabant Cloud ARK Identifier,http://gebouwen.brabantcloud.nl/entity/Q1899,Wikibase,Steenwijk-Vught (3),Primary,Nederlands,CC BY-SA,https://upload.wikimedia.org/wikipedia/commons/f/f2/Steenwijk-Vught_%283%29.JPG
18180d88-4a6d-548c-b92e-654f1275f86e,image,11,https://n2t.net/ark:/15052/c47c12ac-be92-47cb-b61b-b5c0baeafeaf,Brabant Cloud ARK Identifier,http://gebouwen.brabantcloud.nl/entity/Q1961,Wikibase,521183-FratersDondershuis,Primary,Nederlands,CC BY-SA,https://upload.wikimedia.org/wikipedia/commons/0/03/521183-FratersDondershuis.JPG
b50c1a4f-f0a7-5c5c-b277-17178a4248cc,image,11,https://n2t.net/ark:/15052/4269250c-5579-4f73-a184-c529118958df,Brabant Cloud ARK Identifier,http://gebouwen.brabantcloud.nl/entity/Q1763,Wikibase,"Demen, l'église",Primary,Nederlands,CC0,https://upload.wikimedia.org/wikipedia/commons/7/70/Demen%2C_l%27%C3%A9glise.jpg
b50c1a4f-f0a7-5c5c-b277-17178a4248cc,image,11,https://n2t.net/ark:/15052/9664e581-b718-43b4-92ce-21cc54f7f711,Brabant Cloud ARK Identifier,http://gebouwen.brabantcloud.nl/entity/Q2078,Wikibase,WLM - 23dingenvoormusea - kerk in Demen (NB) aan de Maas (1),Primary,Nederlands,CC BY-SA,https://upload.wikimedia.org/wikipedia/commons/5/59/WLM_-_23dingenvoormusea_-_kerk_in_Demen_%28NB%29_aan_de_Maas_%281%29.jpg
f57f48e8-74c4-53b3-b5be-7ba8394bf481,image,11,https://n2t.net/ark:/15052/a6ae47f6-496d-467c-9e04-0b08031fa31b,Brabant Cloud ARK Identifier,http://gebouwen.brabantcloud.nl/entity/Q2206,Wikibase,"Lithoijen, l'église St.Remi",Primary,Nederlands,CC0,https://upload.wikimedia.org/wikipedia/commons/7/78/Lithoijen%2C_l%27%C3%A9glise_St.Remi.JPG
93eb1c89-4a6e-5d13-b18b-a50dd4211d71,image,11,https://n2t.net/ark:/15052/a054fb16-6ff2-4a82-a793-3f1163bada29,Brabant Cloud ARK Identifier,http://gebouwen.brabantcloud.nl/entity/Q2037,Wikibase,"Herpen, l'église Saint Sébastien",Primary,Nederlands,CC0,https://upload.wikimedia.org/wikipedia/commons/c/c7/Herpen%2C_l%27%C3%A9glise_Saint_S%C3%A9bastien.JPG
ff215ded-6dcd-56cc-8722-0b6e585d5ac3,image,11,https://n2t.net/ark:/15052/947e7480-7505-4bc8-b9e1-44a50eb6649b,Brabant Cloud ARK Identifier,http://gebouwen.brabantcloud.nl/entity/Q2069,Wikibase,"Dieden, l'ancienne église",Primary,Nederlands,CC0,https://upload.wikimedia.org/wikipedia/commons/c/c1/Dieden%2C_l%27ancienne_%C3%A9glise.jpg
d6910a89-5434-5ec1-a4a8-cf320e9226d3,image,11,https://n2t.net/ark:/15052/1e1d917a-906f-40b8-9699-71e06b62c124,Brabant Cloud ARK Identifier,http://gebouwen.brabantcloud.nl/entity/Q2103,Wikibase,Overzicht zuidgevel met kerktoren - Deursen - 20339376 - RCE,Primary,Nederlands,CC BY-SA,https://upload.wikimedia.org/wikipedia/commons/3/30/Overzicht_zuidgevel_met_kerktoren_-_Deursen_-_20339376_-_RCE.jpg
d66a8393-0d21-51b2-87ba-65080d5e3f98,image,11,https://n2t.net/ark:/15052/7f5a2a65-20a4-4a62-86a5-ad776ee4f293,Brabant Cloud ARK Identifier,http://gebouwen.brabantcloud.nl/entity/Q2221,Wikibase,Dennenburg Rijksmonument 32780 de oude kerk,Primary,Nederlands,CC0,https://upload.wikimedia.org/wikipedia/commons/3/30/Dennenburg_Rijksmonument_32780_de_oude_kerk.JPG
e42dcedd-8ecd-56a8-97bf-3bf127b2c405,image,11,https://n2t.net/ark:/15052/2cbb7933-1f10-4226-905c-c67c5f100171,Brabant Cloud ARK Identifier,http://gebouwen.brabantcloud.nl/entity/Q2006,Wikibase,"2006-08-23 15.39 Neerloon, kerk",Primary,Nederlands,CC BY-SA,https://upload.wikimedia.org/wikipedia/commons/a/a6/2006-08-23_15.39_Neerloon%2C_kerk.JPG
88817008-8833-558c-9967-e8aea591402c,image,11,https://n2t.net/ark:/15052/cc5c79d6-d9c0-4a8c-8d6f-8a12a91ad486,Brabant Cloud ARK Identifier,http://gebouwen.brabantcloud.nl/entity/Q2027,Wikibase,"Groot Koolwijk, chapelle Ste Anne",Primary,Nederlands,CC0,https://upload.wikimedia.org/wikipedia/commons/0/01/Groot_Koolwijk%2C_chapelle_Ste_Anne.JPG
0038e891-2394-52f1-9416-c8952c6e4eca,image,11,https://n2t.net/ark:/15052/a5498917-9545-47ab-846f-2843e41886c0,Brabant Cloud ARK Identifier,http://gebouwen.brabantcloud.nl/entity/Q2143,Wikibase,"2008-03-23 11.17 Neerlangel, kerk",Primary,Nederlands,CC BY-SA,https://upload.wikimedia.org/wikipedia/commons/d/d6/2008-03-23_11.17_Neerlangel%2C_kerk.JPG
df9576a3-7a55-501e-a460-ddd90356719a,image,11,https://n2t.net/ark:/15052/127e12bd-7d09-428c-8a6f-a2f13a259a77,Brabant Cloud ARK Identifier,http://gebouwen.brabantcloud.nl/entity/Q2167,Wikibase,Ravenstein - Servetstraat 1,Primary,Nederlands,CC BY-SA,https://upload.wikimedia.org/wikipedia/commons/b/b6/Ravenstein_-_Servetstraat_1.jpg
65430bde-92a6-5fb9-888a-ee40e8503e82,image,11,https://n2t.net/ark:/15052/359b9c03-281c-40db-89ee-fcac4178a139,Brabant Cloud ARK Identifier,http://gebouwen.brabantcloud.nl/entity/Q1994,Wikibase,"Oijen, le temple desaffecté",Primary,Nederlands,CC0,https://upload.wikimedia.org/wikipedia/commons/4/4e/Oijen%2C_le_temple_desaffect%C3%A9.JPG
54e9cf54-8fab-5d54-835f-b12c2aa3ebf1,image,11,https://n2t.net/ark:/15052/ae21b852-9421-44aa-9d9c-576d0777e937,Brabant Cloud ARK Identifier,http://gebouwen.brabantcloud.nl/entity/Q2187,Wikibase,"Exterieur OVERZICHT WESTGEVEL, ZUIDGEVEL - Lith - 20295985 - RCE",Primary,Nederlands,CC BY-SA,https://upload.wikimedia.org/wikipedia/commons/5/5e/Exterieur_OVERZICHT_WESTGEVEL%2C_ZUIDGEVEL_-_Lith_-_20295985_-_RCE.jpg
bd6dc431-65ba-5116-9631-db1f9f0f3cee,image,11,https://n2t.net/ark:/15052/a47ad2c1-41d3-4fba-a523-ae201f0293ed,Brabant Cloud ARK Identifier,http://gebouwen.brabantcloud.nl/entity/Q2147,Wikibase,Onze-Lieve-Vrouw van Altijddurende Bijstand in Breda,Primary,Nederlands,CC BY,https://upload.wikimedia.org/wikipedia/commons/e/eb/Onze-Lieve-Vrouw_van_Altijddurende_Bijstand_in_Breda.jpg
bd6dc431-65ba-5116-9631-db1f9f0f3cee,image,11,https://n2t.net/ark:/15052/1acff29c-e162-491a-a88e-ade6ea483ad4,Brabant Cloud ARK Identifier,http://gebouwen.brabantcloud.nl/entity/Q1486,Wikibase,Overzicht zuidwestgevel met gedeelte rechter zijgevel pastorie - Breda - 20357808 - RCE,Primary,Nederlands,CC BY-SA,https://upload.wikimedia.org/wikipedia/commons/d/dd/Overzicht_zuidwestgevel_met_gedeelte_rechter_zijgevel_pastorie_-_Breda_-_20357808_-_RCE.jpg
382b3cbd-9f7f-5927-93ad-0129dada9802,image,11,https://n2t.net/ark:/15052/20a43205-d98e-4986-8ce2-450cac2fa365,Brabant Cloud ARK Identifier,http://gebouwen.brabantcloud.nl/entity/Q1476,Wikibase,Monasterysintagatha,Primary,Nederlands,CC BY-SA,https://upload.wikimedia.org/wikipedia/commons/6/6d/Monasterysintagatha.jpg
5e855bff-41fa-5107-91d0-e86f3de29239,image,11,https://n2t.net/ark:/15052/709b72e5-b8aa-469b-a1b3-eac55fe55721,Brabant Cloud ARK Identifier,http://gebouwen.brabantcloud.nl/entity/Q2300,Wikibase,Achel - Kluis 1 - de ‘Achelse Kluis’,Primary,Nederlands,CC BY-SA,https://upload.wikimedia.org/wikipedia/commons/4/43/Achel_-_Kluis_1_-_de_%E2%80%98Achelse_Kluis%E2%80%99.JPG
b8b2bb55-83ab-504d-836d-2e24ca0d8d2a,image,11,https://n2t.net/ark:/15052/1ff1aab8-4bde-44e2-a8cb-a4d06d6fecd3,Brabant Cloud ARK Identifier,http://gebouwen.brabantcloud.nl/entity/Q2309,Wikibase,"Ville de Megen 650 ans, couvent des franciscains",Primary,Nederlands,CC0,https://upload.wikimedia.org/wikipedia/commons/8/8f/Ville_de_Megen_650_ans%2C_couvent_des_franciscains.JPG
db1e228e-1041-57f5-87d3-9b8ab990c511,image,11,https://n2t.net/ark:/15052/f8468030-b72d-427f-b56c-83227f2dcfe4,Brabant Cloud ARK Identifier,http://gebouwen.brabantcloud.nl/entity/Q1936,Wikibase,Zundert - Molenstraat 13 - Voormalig Klooster en Internaat,Primary,Nederlands,CC BY-SA,https://upload.wikimedia.org/wikipedia/commons/1/19/Zundert_-_Molenstraat_13_-_Voormalig_Klooster_en_Internaat.jpg
e435a7eb-4f4c-576e-a846-7b7f1cbd33b1,image,11,https://n2t.net/ark:/15052/30e0d862-64fc-4ea4-b50e-feead9895784,Brabant Cloud ARK Identifier,http://gebouwen.brabantcloud.nl/entity/Q6944,Wikibase,Sint-Remigiuskerk,Primary,Nederlands,CC BY-SA,https://upload.wikimedia.org/wikipedia/commons/b/ba/Sint-Remigiuskerk_Baarle-Hertog.jpg
3a7f5141-a261-51cd-9e13-cef42edb80c3,image,11,https://n2t.net/ark:/15052/f0687d52-d00e-4613-aa0d-711aa2dd6fb4,Brabant Cloud ARK Identifier,http://gebouwen.brabantcloud.nl/entity/Q6945,Wikibase,"St. Rumolduskerk, Zondereigen 6 Zondereigen - (Baarle-Hertog, 2006)",Primary,Nederlands,CC0,https://upload.wikimedia.org/wikipedia/commons/7/7d/St._Rumolduskerk%2C_Zondereigen_6_Zondereigen_-_%28Baarle-Hertog%2C_2006%29.jpg
b2611e85-988d-5c9a-b6bd-b8a5fbbc33e4,image,11,https://n2t.net/ark:/15052/9c161e0b-221d-43ad-a5f7-6bde2a3eedc2,Brabant Cloud ARK Identifier,http://gebouwen.brabantcloud.nl/entity/Q1480,Wikibase,P1010713copyIJpelaar,Primary,Nederlands,CC BY-SA,https://upload.wikimedia.org/wikipedia/commons/e/ed/P1010713copyIJpelaar.jpg
59f40488-8eb8-5abe-8c8a-98f66beb1fd0,image,11,https://n2t.net/ark:/15052/55dd19e8-a7f5-4ece-bfff-d4a5bc536710,Brabant Cloud ARK Identifier,http://gebouwen.brabantcloud.nl/entity/Q6845,Wikibase,"Herpen, oratoire de Saint Sébastien",Primary,Nederlands,CC0,https://upload.wikimedia.org/wikipedia/commons/3/36/Herpen%2C_oratoire_de_Saint_Sébastien.JPG
59f40488-8eb8-5abe-8c8a-98f66beb1fd0,image,11,https://n2t.net/ark:/15052/6c0ba058-5142-46eb-9f04-15ec780d21d7,Brabant Cloud ARK Identifier,http://gebouwen.brabantcloud.nl/entity/Q6842,Wikibase,"Heilig Huisje van Sint Sebastianus, Herpen 4",Primary,Nederlands,CC BY-SA,https://upload.wikimedia.org/wikipedia/commons/4/44/Heilig_Huisje_van_Sint_Sebastianus%2C_Herpen_4.jpg
b706989f-3672-5a4f-9c7e-63027fbf0b30,image,11,https://n2t.net/ark:/15052/4bdc08ac-0512-41f9-b892-633617b515a3,Brabant Cloud ARK Identifier,http://gebouwen.brabantcloud.nl/entity/Q6844,Wikibase,"Heilig Huisje St. Rochus (Wooijstraat), Herpen 4",Primary,Nederlands,CC BY-SA,https://upload.wikimedia.org/wikipedia/commons/9/9a/Heilig_Huisje_St._Rochus_%28Wooijstraat%29%2C_Herpen_4.jpg
b706989f-3672-5a4f-9c7e-63027fbf0b30,image,11,https://n2t.net/ark:/15052/40282f0c-7a01-494f-afcd-d565bd72685c,Brabant Cloud ARK Identifier,http://gebouwen.brabantcloud.nl/entity/Q6843,Wikibase,"Heilig Huisje St. Rochus (Wooijstraat), Herpen 8",Primary,Nederlands,CC BY-SA,https://upload.wikimedia.org/wikipedia/commons/e/e9/Heilig_Huisje_St._Rochus_%28Wooijstraat%29%2C_Herpen_8.jpg
86a10b32-b551-520d-9c0b-49932a321878,image,11,https://n2t.net/ark:/15052/6287e326-567f-4bd8-87af-c41d77433b89,Brabant Cloud ARK Identifier,http://gebouwen.brabantcloud.nl/entity/Q6841,Wikibase,"Heilig Huisje van St. Anna, Herpen 3",Primary,Nederlands,CC BY-SA,https://upload.wikimedia.org/wikipedia/commons/0/0e/Heilig_Huisje_van_St._Anna%2C_Herpen_3.jpg
36070917-ed24-5ec3-9987-215e53a303fc,image,11,https://n2t.net/ark:/15052/c81a3858-9527-4bb2-b10d-2d9b6033bed7,Brabant Cloud ARK Identifier,http://gebouwen.brabantcloud.nl/entity/Q2090,Wikibase,"Deursen, chapelle St.Roch",Primary,Nederlands,CC0,https://upload.wikimedia.org/wikipedia/commons/d/de/Deursen%2C_chapelle_St.Roch.jpg
ac3b715f-f34d-5aba-bff4-c6553adcff9f,image,11,https://n2t.net/ark:/15052/248dbed9-c45d-4111-b648-76c5e6ead295,Brabant Cloud ARK Identifier,http://gebouwen.brabantcloud.nl/entity/Q6847,Wikibase,Bouwval vanuit het noord-westen - Keent - 20124342 - RCE,Primary,Nederlands,CC BY-SA,https://upload.wikimedia.org/wikipedia/commons/4/45/Bouwval_vanuit_het_noord-westen_-_Keent_-_20124342_-_RCE.jpg
ac3b715f-f34d-5aba-bff4-c6553adcff9f,image,11,https://n2t.net/ark:/15052/494a5a34-541b-4b29-b3d1-fd8c7fc1c6bb,Brabant Cloud ARK Identifier,http://gebouwen.brabantcloud.nl/entity/Q6846,Wikibase,Ruïne van de kapel van St. Antonius Abt,Primary,Nederlands,CC0,https://upload.wikimedia.org/wikipedia/commons/e/ec/Ruïne_van_de_kapel_van_St._Antonius_Abt.jpg?uselang=nl
c4221de4-e61a-51ea-96e1-20c89e0f56c3,image,11,https://n2t.net/ark:/15052/8466976c-eb63-448b-b0c1-49029b786054,Brabant Cloud ARK Identifier,http://gebouwen.brabantcloud.nl/entity/Q6838,Wikibase,Sint-Antoniuskapel Deursen,Primary,Nederlands,CC BY-SA,https://upload.wikimedia.org/wikipedia/commons/0/00/Sint-Antoniuskapel_Deursen.jpg
5436ed04-655d-5cbb-b1cc-1f506fab7e9a,image,11,https://n2t.net/ark:/15052/f78747bc-ba43-4518-8001-42d64a3319e5,Brabant Cloud ARK Identifier,http://gebouwen.brabantcloud.nl/entity/Q6926,Wikibase,Kleuterschool Annonciaden,Primary,Nederlands,CC BY-SA,https://upload.wikimedia.org/wikipedia/commons/5/57/Kleuterschool_Annonciaden.jpg
375294a4-9eb7-5a30-a0e2-db1a17807977,image,11,https://n2t.net/ark:/15052/3a98fd6c-c0a0-4171-9ff3-b51000ce6390,Brabant Cloud ARK Identifier,http://gebouwen.brabantcloud.nl/entity/Q6946,Wikibase,Baarle-Nassau (Ulicoten) Roman Catholic Churchyard -1,Primary,Nederlands,CC BY-SA,https://upload.wikimedia.org/wikipedia/commons/e/e0/Baarle-Nassau_%28Ulicoten%29_Roman_Catholic_Churchyard_-1.jpg
3543c41e-6ab3-5737-970b-cb980a36c069,image,11,https://n2t.net/ark:/15052/98fbcb4c-7566-4176-835f-7a4ad339ff54,Brabant Cloud ARK Identifier,http://gebouwen.brabantcloud.nl/entity/Q2153,Wikibase,"Baarle Nassau, Onze Lieve Vrouw van Altijddurende bijstand foto5 2010-10-13 11.43",Primary,Nederlands,CC BY-SA,https://upload.wikimedia.org/wikipedia/commons/3/3e/Baarle_Nassau%2C_Onze_Lieve_Vrouw_van_Altijddurende_bijstand_foto5_2010-10-13_11.43.JPG
7449e01b-53f2-5026-ae5c-b90e98f38884,image,11,https://n2t.net/ark:/15052/9c89e6e5-54b8-4b8e-8952-4bdaa00e31af,Brabant Cloud ARK Identifier,http://gebouwen.brabantcloud.nl/entity/Q6912,Wikibase,"Kapel, Hs.Verhees - Ulicoten - 20211474",Primary,Nederlands,CC BY-SA,https://upload.wikimedia.org/wikipedia/commons/0/0e/Kapel%2C_Hs.Verhees_-_Ulicoten_-_20211474_-_RCE.jpg
c0ad3f76-61eb-57ad-a28d-1447ca1ce3b2,image,11,https://n2t.net/ark:/15052/cb0ddc4e-2b15-43de-97a3-d0f2978de3a4,Brabant Cloud ARK Identifier,http://gebouwen.brabantcloud.nl/entity/Q6914,Wikibase,Baarle-Hertog Turnhoutseweg zonder nummer - 150122 - onroerenderfgoed,Primary,Nederlands,CC BY,https://upload.wikimedia.org/wikipedia/commons/3/38/Baarle-Hertog_Turnhoutseweg_zonder_nummer_-_150122_-_onroerenderfgoed.jpg
04753a17-1d9d-51a3-a6d2-71e4596f0941,image,11,https://n2t.net/ark:/15052/282c77ed-0a38-4531-8d2a-2022d23ddcdd,Brabant Cloud ARK Identifier,http://gebouwen.brabantcloud.nl/entity/Q6929,Wikibase,"Sint-Jozefkapel, Zondereigen 01",Primary,Nederlands,CC BY-SA,https://upload.wikimedia.org/wikipedia/commons/1/1f/Sint-Jozefkapel%2C_Zondereigen_01.jpg
d35fe060-4f60-50f7-9962-90211a14f57f,image,11,https://n2t.net/ark:/15052/403c1e53-9784-4663-ac40-5183f8e22705,Brabant Cloud ARK Identifier,http://gebouwen.brabantcloud.nl/entity/Q6932,Wikibase,Wegkapel Zondereigen,Primary,Nederlands,CC BY-SA,https://upload.wikimedia.org/wikipedia/commons/4/4f/Wegkapel_Zondereigen.jpg
ff597f82-521e-535c-9523-8c788c4f01f7,image,11,https://n2t.net/ark:/15052/89967733-d2a9-4a8f-93f9-7bb1dd1e1127,Brabant Cloud ARK Identifier,http://gebouwen.brabantcloud.nl/entity/Q6936,Wikibase,Baarle-Hertog Zondereigen 82-2 - 150125 - onroerenderfgoed,Primary,Nederlands,CC BY,https://upload.wikimedia.org/wikipedia/commons/5/5e/Baarle-Hertog_Zondereigen_82-2_-_150125_-_onroerenderfgoed.jpg
78ff4604-aac9-5e8e-811a-fae2153f79ec,image,11,https://n2t.net/ark:/15052/cd755083-a589-4ca1-8974-91ee1948e444,Brabant Cloud ARK Identifier,http://gebouwen.brabantcloud.nl/entity/Q1637,Wikibase,St Annakerk P1060275,Primary,Nederlands,CC BY-SA,https://upload.wikimedia.org/wikipedia/commons/1/16/St_Annakerk_P1060275.JPG
03524bc6-e785-5aa9-b4ef-0266e84348ea,image,11,https://n2t.net/ark:/15052/bc7813c8-7751-4914-b411-fab22585dc1d,Brabant Cloud ARK Identifier,http://gebouwen.brabantcloud.nl/entity/Q1633,Wikibase,Sint-Annakapel (Molenschot) P1060268,Primary,Nederlands,CC BY-SA,https://upload.wikimedia.org/wikipedia/commons/d/d9/Sint-Annakapel_%28Molenschot%29_P1060268.JPG
9d56ccdb-e5a7-5cf5-adb3-1e92c495ca11,image,11,https://n2t.net/ark:/15052/ab09ee40-743f-4386-9b56-e7ec4bac4cfb,Brabant Cloud ARK Identifier,http://gebouwen.brabantcloud.nl/entity/Q2151,Wikibase,P1020249 copyMaria-Magdalenakerk,Primary,Nederlands,CC BY,https://upload.wikimedia.org/wikipedia/commons/3/30/P1020249_copyMaria-Magdalenakerk.jpg
4e390aed-0568-5c50-9e67-802705c5d1bd,image,11,https://n2t.net/ark:/15052/02a9bb7d-018c-409c-9039-7a00a0558030,Brabant Cloud ARK Identifier,http://gebouwen.brabantcloud.nl/entity/Q1612,Wikibase,0784-WN005 Sint-Petrus' Bandenkerk P1060313,Primary,Nederlands,CC BY-SA,https://upload.wikimedia.org/wikipedia/commons/c/c1/0784-WN005_Sint-Petrus%27_Bandenkerk_P1060313.jpg
0bb7082a-327d-5330-b6a0-251fd60824b6,image,11,https://n2t.net/ark:/15052/fe67d28a-7f55-432a-bf65-2be64fdb9aee,Brabant Cloud ARK Identifier,http://gebouwen.brabantcloud.nl/entity/Q1927,Wikibase,"Monument 513711, Markt 22 Waalre",Primary,Nederlands,CC BY-SA,https://upload.wikimedia.org/wikipedia/commons/f/f9/Monument_513711%2C_Markt_22_Waalre.jpg
e1f67a74-8110-5daa-8a49-3520418b0939,image,11,https://n2t.net/ark:/15052/eb58383c-ae21-431a-82bf-52391ee084c6,Brabant Cloud ARK Identifier,http://gebouwen.brabantcloud.nl/entity/Q1926,Wikibase,Oude-Willibrorduskerk,Primary,Nederlands,CC BY-SA,https://upload.wikimedia.org/wikipedia/commons/a/ad/Oude-Willibrorduskerk.jpg
4b86a2b4-aed2-563a-a8be-ec5271503fed,image,11,https://n2t.net/ark:/15052/7957f28c-e4f1-433b-aa93-abf8b1d8d190,Brabant Cloud ARK Identifier,http://gebouwen.brabantcloud.nl/entity/Q2177,Wikibase,Kerk Aalst,Primary,Nederlands,CC BY-SA,https://upload.wikimedia.org/wikipedia/commons/8/8d/Kerk_Aalst.JPG
ca6219e8-e960-5554-9459-7476b8e81bf0,image,11,https://n2t.net/ark:/15052/5eaedfe7-c52b-4720-9983-57d7c24badfd,Brabant Cloud ARK Identifier,http://gebouwen.brabantcloud.nl/entity/Q7015,Wikibase,Zeeland Rijksmonument 519139 kerkhofkapel meet baarhuisje bij Kerkstraat 51,Primary,Nederlands,CC0,https://upload.wikimedia.org/wikipedia/commons/7/7f/Zeeland_Rijksmonument_519139_kerkhofkapel_meet_baarhuisje_bij_Kerkstraat_51_%282%29.JPG
