ResourceID,card,card_order,production_event_timespan_start
b746c24c-7a94-527b-8428-3b4bf01e5cef,production_date,12,31-7-1883
4848283e-669b-5d45-82c3-fc731b5603ed,production_date,12,1909
1dcddae3-52f4-5595-81cb-a3c6934fb032,production_date,12,1854
4615c838-ac97-55b8-b8c0-0a23ada086e1,production_date,12,1911
85fd98ea-be01-5187-9254-6ecf4b9d4385,production_date,12,1899
ab3cf4bf-e097-5181-a0ff-a76a58540673,production_date,12,1951
ec922b15-2837-5ddf-a083-86fdfc8c30fa,production_date,12,1899
e201f4f1-2eed-5f11-bf6c-9a045e9e036f,production_date,12,1889
f4349104-671f-5b55-9489-04f5e14baae5,production_date,12,1964
76904271-d52e-5982-bff5-80e836ce41bd,production_date,12,1874
bf9cfc09-484e-5f1d-8c37-aa8d0ee163f6,production_date,12,19e eeuw
8737916f-bd20-5cbb-b66a-ebdd51bceadd,production_date,12,1909
0bbda934-6486-5d87-bbcf-b765c48ffd80,production_date,12,1885
561a3392-05e9-51b9-9fab-1c54c935dd96,production_date,12,2e millennium
094523dd-fd0c-5e96-92e7-2b5a46e75653,production_date,12,1867
67cad17e-efdd-5c5b-bff6-9ed6529560db,production_date,12,2e millennium
fde4a66b-6f88-58b4-9ef4-f408a1b92576,production_date,12,1882
3b6a30cb-2199-5cff-bc27-d276c2d08af8,production_date,12,1913
788c3f44-11e7-5554-a868-0c77d230fb7c,production_date,12,1937
6feb610c-5429-524c-906d-abb5c7aecee3,production_date,12,2e millennium
7ab669f4-6626-5df6-8a9d-c5d39f76c941,production_date,12,1910
f5ecdb86-59ee-564c-944c-70c08df2dccb,production_date,12,1920
7b4c84b1-2a4d-5271-87ff-7dfd4f8ed915,production_date,12,20e eeuw
79d173c0-e0e7-5da4-a64c-48643cdd3387,production_date,12,2e millennium
661c4764-f686-5f24-bf5a-90ecd79e6b9f,production_date,12,1880
33ea0f4f-61dc-54e1-b7a3-04b19388eb2b,production_date,12,1872
a763afeb-1f19-54a9-a80a-5c7117aad34a,production_date,12,1939
86a4478d-ae19-5e32-be07-93b184b3eb31,production_date,12,1539
b283fae0-960b-5fb1-b590-7761c15c4b1c,production_date,12,1870
833ff3c7-0eee-5c9c-a7e6-c4f82214272e,production_date,12,1918
04e13232-3bba-5f58-afb8-a5e5714c56fe,production_date,12,1879
55aeb5be-eb37-5826-b79e-4bcf8aea2ebf,production_date,12,14-7-1903
30166cdb-4bf5-57f9-bd79-102ec88f9ead,production_date,12,1843
2e8623c5-2195-597d-bab6-44229b9a9ad0,production_date,12,3-1913
67ac1ba1-e38a-5a4f-8faa-7580179e7542,production_date,12,1959
89b3e404-2815-5e9c-9c3f-aedfe43d2a73,production_date,12,1909
bf805dd7-0bcf-5b41-9d69-0103f45730c5,production_date,12,1890
8b61594e-e3e8-599b-8ace-a25c80f21c1d,production_date,12,22-7-1917
5f4db804-08b2-5260-b49a-c8737d99fafa,production_date,12,2e millennium
8f71b74d-e27a-560f-9af4-af4bbcd564e1,production_date,12,8-3-1896
8f156433-af36-59fc-81e6-0cc4f2188fb0,production_date,12,20e eeuw
37908230-ffe2-5054-a910-743baf57896c,production_date,12,19e eeuw
67e877db-14c3-57b8-89e1-6628b0d5d354,production_date,12,1868
b8fefe14-beb7-54d4-8677-606fc0bffc5c,production_date,12,1933
7fbab965-3fa4-5485-9273-d944ccb14c24,production_date,12,1880
99f05725-5c7f-5838-82d3-95dc48b7e721,production_date,12,1900
c6da3e83-5c38-5ee4-be71-3a851e2deba2,production_date,12,2e millennium
7156e283-80fa-5a7d-b53e-d5825f02f52e,production_date,12,1912
06a1ed02-a387-58c0-a7c4-f7396d6c54ae,production_date,12,1903
2445104b-fcb9-5bd8-bd4d-b7b54aa4afd4,production_date,12,1904
d1649ae5-cf37-5a9f-807b-28001d47391b,production_date,12,2e millennium
f4e1e51a-53ea-5c04-b228-eae5a0601f0d,production_date,12,18e eeuw
7f59f8e5-0be2-5085-94f5-20081b90fb68,production_date,12,20e eeuw
67eb23ab-8f56-55ed-b307-41dcb04db714,production_date,12,20e eeuw
0fed3614-8444-55eb-bf33-641c2c2a5687,production_date,12,16e eeuw
6352190c-e4d7-5e69-9119-a932a683bb6f,production_date,12,1871
81f6c8c8-f03d-5083-9b47-ba96c20979ee,production_date,12,13-6-1893
7a22b8c8-2adb-5ed0-86e7-f505ba04e42d,production_date,12,1892
9c8f1f1b-873b-5b65-b52e-aa5a1ede4b1a,production_date,12,jaren 1850
96f02bba-3524-5b54-ab14-192c240f5247,production_date,12,1838
2fc980e2-6278-5191-b4ca-7a98ddf53c01,production_date,12,1930
a481b6d0-9a31-5dce-8ecd-29bd6e67b963,production_date,12,1896
1eb14e94-7838-573c-a3f1-0505f336a64c,production_date,12,1869
b8999f7a-c9d4-549d-9600-187a0477f92e,production_date,12,1865
488455dd-6204-5aae-8311-7adab9dda5c3,production_date,12,10-5-1913
e4356c6f-a094-539c-a49d-5a59e85a7040,production_date,12,1894
ecaae3eb-fcd2-5c3c-9383-369ebf670966,production_date,12,1921
a97b6d9e-95ee-5144-aef8-bd0e943ff9ac,production_date,12,18e eeuw
9d09fea6-a695-56d7-a543-1460532dd95e,production_date,12,1873
7bf2b761-e260-5ddd-bedc-fad053317224,production_date,12,19e eeuw
36a98c9d-81c5-51cd-916a-ee5283a59f62,production_date,12,10-12-1849
abffb6ee-bc72-5c76-8f4e-eb547a163893,production_date,12,1926
aa15d32e-a137-5c84-93d1-1e49235d6734,production_date,12,1905
23de63d5-406e-5dc2-9af7-c262d5699ac9,production_date,12,1928
f4f1ea35-6773-5e64-adfd-c543757165b5,production_date,12,1867
bb255d91-0e7d-53f1-9562-54f62e8ea96a,production_date,12,18-4-1958
f6431dec-8ff4-5547-84a2-ce9959d581ff,production_date,12,1912
c0171b25-75dd-5029-8761-1996ec6c0119,production_date,12,2e millennium
ba0b60b9-2f62-53bc-8f4a-901b75ac5d07,production_date,12,1930
823f9b0b-91fc-5aee-bdbf-7da62bc48b2e,production_date,12,1888
ea30d598-bf5c-5558-ac63-6072a3beb7d5,production_date,12,1872
ebad6e25-d010-51cc-89a3-f7622ef6b059,production_date,12,1898
c04e8bac-4b74-54fd-87da-82338696b882,production_date,12,1900
bee04007-c499-52c2-b256-48ab711d57d6,production_date,12,19e eeuw
2ff92e37-479c-593c-8414-775691f28623,production_date,12,1866
171934bb-418e-5fa0-82d7-ad287af55ecc,production_date,12,20e eeuw
d9a48662-6974-5047-86c1-6fb7005bea74,production_date,12,20e eeuw
fbf88ad3-509b-5526-9a19-11846d471f02,production_date,12,1969
c223ab0b-9ccd-59f2-bc42-c990b377a949,production_date,12,1924
0fad10b8-b310-5c98-b295-d4748b4c3f4b,production_date,12,1896
ea2f30b9-4554-5c2b-b214-e3dbd15b241d,production_date,12,1938
79fb2658-5415-5c7a-b904-44d7d7f4f719,production_date,12,1864
1bf3f0c9-dbe8-5f89-9b73-41d1d89df64d,production_date,12,18e eeuw
92bd21ce-8afb-55ac-9484-4af9ae664387,production_date,12,1898
46213718-95ff-5ae9-805a-643facb316eb,production_date,12,1862
72ba08f8-004b-5f5c-99a0-911f44f756f8,production_date,12,9-1929
a0483d84-fe3d-54d1-a242-4a63b7c9f660,production_date,12,1742
d76e14bc-6846-5e95-8010-9cc54829b7f0,production_date,12,1-5-1886
99fb636f-3c4a-5340-9e77-e4aafcdaddc9,production_date,12,1885
7b8df8bc-d6a0-54ee-953c-0c8a1ba52a01,production_date,12,1666
cb7c4547-d4c5-5656-8fc5-81e00a64dbf3,production_date,12,1615
f597dfe9-c312-5d29-b044-a20a855514cd,production_date,12,1860
ae94dd68-9fc0-5d3a-abe3-be752bfe3d7a,production_date,12,1904
775fd2b3-a34d-56ae-8c57-97a490fcf29a,production_date,12,1856
ef718492-8fb8-5e9d-bf79-88d4b94a7ca2,production_date,12,1865
dc629acd-47f0-52fc-9614-bc64c4fa4a1e,production_date,12,2-1894
b8da3e93-13aa-550a-8f56-59f99055c146,production_date,12,19e eeuw
d7f18907-472c-5930-97ba-a58b005cf866,production_date,12,1903
63d1ae21-fb40-593e-a574-496f802e65d6,production_date,12,1886
122ea8b5-cbda-5d6e-ba18-3d157e41476c,production_date,12,1959
5128ddc5-8078-585c-98ec-528f3df794cb,production_date,12,2e millennium
4aa6bae9-1adf-5fe8-b509-1839eabc2040,production_date,12,1881
2acc2e5e-1896-543f-9978-bad8c6218c99,production_date,12,1964
4ff7b31a-96d2-5b66-9eba-7f13d0d2fd22,production_date,12,1924
4b03a1d3-dddc-55f1-8f6b-238df442da89,production_date,12,1659
da6ecad7-ed97-5207-959a-ff16023f3ae2,production_date,12,1886
8f7a32cb-b5c4-5a49-95b7-b56dc2e50cc5,production_date,12,1928
2c11d705-89d3-56ba-9868-77da3c55d64f,production_date,12,1954
a83dc36c-e97a-512a-bb1d-a83cd1336e5f,production_date,12,19e eeuw
bdef84a3-e45d-544e-969f-646879f17242,production_date,12,2e millennium
c26c9414-55fc-58b8-8022-750ef6a705d3,production_date,12,1911
fd0d26a8-4215-5618-b78d-47365585a575,production_date,12,1915
b4b02f51-10ee-5453-ae84-077f7573ac5a,production_date,12,1853
881132f0-a943-59ec-9d36-1cc454d87de1,production_date,12,1911
c5ef892b-b98f-5549-8bfd-91523e7c3d17,production_date,12,1958
26417427-246e-5818-9c52-dd9bd16040a0,production_date,12,19e eeuw
8b3e8036-0f8f-54ad-9d0d-9afdd1f487d8,production_date,12,1986
50242916-67de-53ca-8974-14ba4957430a,production_date,12,1891
1142531b-8420-5146-94ff-89ee90a15216,production_date,12,19e eeuw
6e3a4cad-7389-52bd-af78-926a5e44dc94,production_date,12,20e eeuw
ee56bf2b-83c4-56bf-9c53-c0ab425271b0,production_date,12,1929
f6b8dcae-3aff-5a6a-a235-bba60835d969,production_date,12,1890
e8c68883-ad84-588d-9245-7cf7d0baba74,production_date,12,2e millennium
b215211b-9665-5b35-9e80-c5c68f794c58,production_date,12,27-8-1928
81f3057e-a3f8-58b0-8c74-66ea4e803dd5,production_date,12,2e millennium
2ae5abce-c377-5e61-90be-0b5341c8881b,production_date,12,2e millennium
b3f50958-0283-5031-b72e-a998a3eb6988,production_date,12,1959
e92a4af3-b2b2-5a64-8354-40f740185fca,production_date,12,1954
6d1b09a0-d4b0-549d-b59b-93001574aec9,production_date,12,1951
0d644442-a2de-51d9-bb8a-41895418d2a9,production_date,12,20e eeuw
12bb5ef4-a539-5179-955b-5915fdd96485,production_date,12,jaren 50
54616851-a2a4-5be6-99d6-d62ae6bea62f,production_date,12,1931
f49071b9-6b1b-516f-b17f-a74134212c50,production_date,12,2e millennium
e511bbe3-4d19-5035-b915-42281a51c6c0,production_date,12,16e eeuw
5cd30422-dc8c-5e89-bce4-040ed09d312c,production_date,12,2e millennium
040e5c3e-4a10-5a0e-9de4-ad4db78eb330,production_date,12,2e millennium
802c3f0b-cda9-5c17-8c5b-fd35217f715a,production_date,12,1925
f5fae6a2-304b-55f0-b158-4eabb487404c,production_date,12,1928
21fb6b8e-9e42-5b31-bb3e-67b444bd2f69,production_date,12,1918
f9b23f93-bad4-5aa2-b04f-c111fb7ec13a,production_date,12,13-3-1856
fc0a711d-5486-5204-a63d-1f6473213103,production_date,12,1824
e4fd0d33-e8fd-521c-85b4-a430698eb009,production_date,12,jaren 1880
b06cb511-e0cf-59ad-8f41-ba34e0ec30eb,production_date,12,1927
d4b677cd-9f87-57a3-ba02-e16f02b0c905,production_date,12,1455
7e26d1c5-621d-5a3e-b64c-04baab59f206,production_date,12,1917
b240f9c6-1bb9-5fb4-8593-7dce3b16fe12,production_date,12,13-2-1898
08b9c9e6-9397-5b61-90ac-7973f5a23627,production_date,12,29-4-1920
22af8a78-1016-568d-a6a0-d0fb53369eb9,production_date,12,2e millennium
e11b98ea-3bff-53f4-89de-fdfc3e10232f,production_date,12,1933
0fe85dd2-fed1-53c3-b5d2-8fae43192640,production_date,12,2e millennium
fc51e2a9-fa71-5755-a73d-f6a8a6376252,production_date,12,1923
167199c9-63f4-5288-8984-a06674e9d150,production_date,12,2e millennium
57699e83-0b84-59c8-94c1-c0029bca54b3,production_date,12,1862
9aba38a7-c09e-5033-b930-838fc9563548,production_date,12,jaren 1930
44185d2d-75ef-5730-9d63-82432bd51266,production_date,12,jaren 1950
b94f7d9a-9390-562c-a593-0cac046f6b72,production_date,12,2e millennium
0a1c5416-1db6-594e-b087-abb875318bd9,production_date,12,1866
84d0209a-2cb4-57ae-b747-cb7db0226d6a,production_date,12,jaren 1950
ea4207f6-b79f-56f1-a85f-b619a6b9b4ee,production_date,12,1932
9029c7e0-eece-58c6-a4b9-f5ae1bce697a,production_date,12,2e millennium
4dcc1eb7-86ea-51c2-a9fe-55ab2542c3af,production_date,12,10-8-1912
9de2c0f4-ca1f-5435-8850-11fd04d7a743,production_date,12,1978
4bcf9722-5cb0-509d-aefd-05ca4ba3e910,production_date,12,1647
9da4d1e4-aa0b-5522-b652-7186a29ececf,production_date,12,1840
9e642650-5069-55fd-a0d3-c4ebd3aff726,production_date,12,19e eeuw
95dd7fdc-69d2-549a-92a0-a4ccd14f78f4,production_date,12,2e millennium
189ce919-fb2c-523c-95f9-a76380b0e404,production_date,12,1876
9c6bd7e4-f2f9-5bbc-8505-639c8dd96336,production_date,12,1903
77c4937d-94e5-5a38-afe7-ba56773d0bcb,production_date,12,2e millennium
fc4baa2d-32d4-5ce1-a9cf-9e6e24431a47,production_date,12,20-10-1888
ca18b393-16bd-5729-9d06-0dc8aad9035c,production_date,12,1870
46597419-7abd-5dae-9f50-81bfb7cc00b0,production_date,12,1798
0f467181-672b-59c0-96c2-838ca128438f,production_date,12,20e eeuw
6facc8a1-0a0d-5da3-bfb6-8677b1d0a4ef,production_date,12,1854
93d9a154-f2d8-5a65-b03d-199c2a024577,production_date,12,1896
ed818dc2-06fd-5bbb-85d0-345fa3ec3558,production_date,12,1978
96932521-67d9-5bce-a02a-25e1ba6ff469,production_date,12,1902
f6d1b31c-af08-5eb6-9920-88278853de6d,production_date,12,1896
afd2be80-5097-596c-8dfc-115235ff1349,production_date,12,1863
dd6ebdbd-d5e3-5974-ac4a-4e4f3683a919,production_date,12,1884
a9000f36-08b5-5adc-9411-0b51016347c0,production_date,12,1791
33c36e47-06c0-532a-bdce-167d17c91c4d,production_date,12,1895
596efb9a-a15f-52fd-9901-544864109c5f,production_date,12,1906
333caeda-1d27-567e-a992-416795adaa92,production_date,12,1979
6430f42a-f411-505f-96d3-3e9e04f1b892,production_date,12,2e millennium
ef6ae0de-994f-57c7-ac67-f83c0654be0c,production_date,12,1939
d8b501d6-0b5c-538a-ab41-b2ee3fc39e48,production_date,12,17e eeuw
b238d63d-d5a0-522d-9da6-2beb0077c18c,production_date,12,1860
d66845a3-2769-5dde-83b3-184797c2487a,production_date,12,1801
9f3598dd-73f4-51e2-a675-4790cbf4b473,production_date,12,1932
c1fd1a7d-6f08-57f5-8b11-876c57baee4e,production_date,12,2002
e427e9b5-3980-52b0-8037-c930de5bddfd,production_date,12,1-1882
29d8e860-ae71-5098-a1f4-37f3f2e82025,production_date,12,1889
f7e05125-91a5-5ddf-a532-643d20146783,production_date,12,1874
7ea97743-7d17-5ebe-bf4c-3d870ff11829,production_date,12,19e eeuw
437dd84b-76c7-5c7d-9df8-24d063392775,production_date,12,1902
39b1967f-e2c8-58fe-b489-a3da947c789c,production_date,12,1950
1dc1a23d-9355-5e0f-b1f2-07d206db6ce1,production_date,12,1884
587ca5c1-a7b7-5752-b53e-6283a5b14ff9,production_date,12,20e eeuw
b212c086-72cc-5c3f-83e4-924d675244e1,production_date,12,2-4-1902
a4789e3d-4de6-5066-8443-0ad2a6c69493,production_date,12,1915
3b2145db-ee30-5baf-a945-f1afd332d5fa,production_date,12,1912
4b2e5f40-936a-5706-a15d-74613208c94d,production_date,12,2e millennium
05f2a723-603c-5e66-871d-295fca1e0847,production_date,12,jaren 20
4e9b14eb-c21a-59b3-81d9-b9dbd8f4f489,production_date,12,1895
0fe63ddd-7cc1-5d6c-9dc6-c65ee227ff10,production_date,12,jaren 10
17ca1416-a523-55c3-8821-62f9710ed161,production_date,12,15-9-1921
7bf561e9-0344-58e7-80f6-edf6f4f91c7e,production_date,12,2e millennium
0ee50a6b-aab0-5b99-81e5-c4aeadc81f5a,production_date,12,2e millennium
35bc5339-9ca6-5e49-ad6f-58275a3d68ce,production_date,12,1889
eb4f8403-4c14-5f58-bb10-88c7865089cf,production_date,12,15e eeuw
a645eb32-3096-5c06-a9cf-4f9332269610,production_date,12,1920
3cd21047-ae02-5dc9-b04c-b36bc687ddcb,production_date,12,jaren 30
99aa5a1d-0b20-5b93-bc5d-fe14bff1e588,production_date,12,1954
29c38a5b-d837-58e6-abe6-b86187f86c3e,production_date,12,1930
a8f6ecca-f03e-5c29-93a0-cbb7208713f4,production_date,12,jaren 30
e3976307-1f07-5697-a78b-a45aadd6eaac,production_date,12,1915
3556c0df-1039-548e-8f7b-c7056d4a5b3c,production_date,12,1931
e29a301f-6131-53bd-bf68-dee43893427f,production_date,12,1935
f7538505-6d07-5e4e-bd43-4574f13ee4c0,production_date,12,1900
50c93483-32fd-5262-bd6a-17246551f411,production_date,12,1910
39202a1e-74a2-50c0-acc7-14ac71ca6de5,production_date,12,19e eeuw
ebb00053-a878-51fe-b8f5-bc9ffe21dd7a,production_date,12,1930
723000c2-c61e-5a8c-9c11-fdb0368129ee,production_date,12,1950
8f01ded9-910f-53b5-a125-08a030bac33e,production_date,12,1884
c2b12dd8-c1ad-5d49-9037-21c4823362cf,production_date,12,1912
ac0c5bc9-8858-5619-888a-9deee8419e8d,production_date,12,1910
c1ca3a69-fd77-5edd-8ef2-f53b3b0af1cc,production_date,12,20e eeuw
41d40d63-b591-521e-ac42-0f719c65a201,production_date,12,1869
db8a4b6b-68d9-51f5-bfe1-eefee0a56bd0,production_date,12,1991
907d039f-8901-5abb-8f06-7efe582740fb,production_date,12,1868
e35edae9-b8b9-5d10-b4d9-2f26505cae44,production_date,12,jaren 30
97c66380-8ab4-5881-b794-e44c4157366e,production_date,12,1893
87ab7273-ed1c-5baf-b4e0-6cdb051cff07,production_date,12,1898
f282d4e6-b296-5105-938a-0dc4ddc46016,production_date,12,1874
97cc8df3-3cec-5cfe-ba09-3c82d759e8ad,production_date,12,1920
1344031d-9e78-55b4-a761-ad81e15cbb5d,production_date,12,2e millennium
94c95c08-ccb3-5346-a55c-fc15edb0b946,production_date,12,1695
a53b945d-db22-59c9-875e-e9530e9f2c9b,production_date,12,1951
58f0f269-7be6-5ceb-a6e7-38f71eda9b9d,production_date,12,1957
6f9d2113-52b3-5155-8b16-77dbcb074750,production_date,12,16e eeuw
aa9a54fb-a9d8-5b8e-b326-17edf2d485a0,production_date,12,1902
4dc4eb65-07b4-5e3c-932c-02f66991b157,production_date,12,1934
29871791-86a2-5f0e-a14b-4455645d0ee7,production_date,12,1843
0d289695-b0ea-5781-9d9f-cb3648d1c52d,production_date,12,1906
c8ab0ca0-0dec-5221-9295-616acaecb953,production_date,12,1911
cecd94bc-052f-5dc8-9af8-329800c729f6,production_date,12,20e eeuw
70fb3910-9e6a-596b-86ca-4fef628aeab5,production_date,12,1874
fd1dd582-5c64-523d-9c97-944c3eae9fc7,production_date,12,jaren 1970
d0cbe464-03bf-56b8-aba7-c4d7fcd723ea,production_date,12,1935
88b7736b-d23a-5f4a-a370-bf8cef09c940,production_date,12,1900
4f42413a-d141-56d8-9d2d-4a27a3f7ba2c,production_date,12,1932
1f9e7d76-32c0-5f42-8551-34d8366eca1a,production_date,12,2e millennium
46217529-7dfb-5b86-bf4a-5bf2dd7abec1,production_date,12,25-4-1889
884bf317-bcc2-5ff2-b4e3-bd113cc471a4,production_date,12,1955
f076ccd4-1eae-530d-8800-81c429e0a8a6,production_date,12,1950
773eee68-9b36-5945-8e0f-8a2fc74e09ea,production_date,12,1888
0cbec66a-a274-5249-a3fc-bd5576c4bea8,production_date,12,1920
47a72f52-6bb5-54cc-85a9-7f009d4bb305,production_date,12,12-1939
8c6d2234-735e-5f0a-8ef4-bbee0f912a3d,production_date,12,1391
f6603c7f-f07b-57cd-9fe6-a24daa0abd8a,production_date,12,15e eeuw
41022a3d-74d1-57c7-93e1-8f7ae2b7944f,production_date,12,1828
b5b883cf-bd52-559a-8257-28362145d48c,production_date,12,1911
8bf012e1-644d-563d-9121-bf0045237888,production_date,12,2-1987
93bd02f6-451c-5f48-8ed4-7997d0ad3c09,production_date,12,20e eeuw
83f7c6ea-ddf5-56e1-b2d3-8a6d5ad9440c,production_date,12,20e eeuw
f67ed420-1a24-586d-857c-88a48176fc63,production_date,12,1790
5a2e21b2-2b23-5f8d-abb8-c75899917d0e,production_date,12,jaren 1940
516decb7-c301-5b97-b894-36352e0e647d,production_date,12,1938
28ceb3e6-7025-588a-aacc-4a56cc36c982,production_date,12,1930
715feb16-824e-5e80-a7de-9b3b0eada25b,production_date,12,20e eeuw
35614acc-2907-5906-9823-0105b516076c,production_date,12,1923
041f9ab1-6ca8-582e-996b-ca845b857dd0,production_date,12,18-6-1889
2bfa5022-4be8-53eb-a3d9-695bf83eb20b,production_date,12,1910
eba891b9-e1d9-5da2-9932-0da9d12b601c,production_date,12,7-5-1933
617c39ed-3487-55a4-a219-0cfdd88ced53,production_date,12,2e millennium
0d38d0f0-652d-56fb-9829-a4e8ee24120a,production_date,12,1935
7de535c5-b447-550f-adab-418da67efce5,production_date,12,1931
516f7cf5-82e3-55a2-8f0a-2f0ee00d7442,production_date,12,1910
45052225-6142-5fd9-a644-098498c40a88,production_date,12,1845
c330c118-3817-512c-8417-05c93732f123,production_date,12,jaren 1960
4382d355-4e4f-5f67-a565-a87ce4153bb9,production_date,12,18e eeuw
f30e4476-6c05-5f9b-b95c-f2051a0227ec,production_date,12,1858
c8c4dd91-390a-52fb-820f-444f9a74f6ae,production_date,12,1675
c8017007-48e9-59bf-8bc1-ea2b4a225d23,production_date,12,1950
1aa7348e-4653-5dd3-b7fc-99221687a820,production_date,12,1835
a8acd29c-cde6-511c-a475-85af87a33072,production_date,12,16e eeuw
422f9f1e-1129-51da-b81c-6046658c4ee0,production_date,12,1903
f6e0bcb3-ac61-5629-ad69-feaa3fe76317,production_date,12,1919
593e714d-8d9f-507b-b597-3d4fff96e2be,production_date,12,1950
b2cca16c-4e28-57c7-b230-15de5c9fc7cb,production_date,12,1929
170ad231-8f9c-5a94-b333-bf3e44aed93b,production_date,12,1980
641d6994-4e50-585a-80f4-673442b25895,production_date,12,4-5-1895
1bdee243-b753-5a4a-846c-53b61e5dff76,production_date,12,1885
1058b5a9-ab73-5f1e-9dc2-7ecaab2ba361,production_date,12,19e eeuw
4d310ca9-a1ec-53a0-9455-7ab2894c308f,production_date,12,1958
0d618f08-9c4c-5219-a622-9cb0f1b42c35,production_date,12,1928
7fcc9dba-b722-5693-8f69-040827ad5614,production_date,12,1853
875416a4-c6db-5f28-83a1-9897f24730d3,production_date,12,1920
96d91969-0262-5d4c-b11f-d102a7df619f,production_date,12,1966
96bbfea1-6a3c-54ae-84eb-b436c958add8,production_date,12,1882
30b6a240-5858-585b-ba83-c6b7bbd98e67,production_date,12,19e eeuw
e82ca9da-3114-59df-87b7-5acbed3fdbf5,production_date,12,1903
084de4bb-79d7-50d4-b441-038911baf9fe,production_date,12,20e eeuw
6fe74442-5030-51ae-a215-68e1677c25b2,production_date,12,2e millennium
ee546f49-769f-5e47-b31d-262ad003ad14,production_date,12,20e eeuw
dd77adc8-fda3-5e8a-b788-1dbd5f0f583c,production_date,12,5-7-1911
9b111893-c7bd-5601-bd42-debc9e78e835,production_date,12,1901
40c33c98-e34f-5b98-81b0-b0cc8719a7a0,production_date,12,1928
5af6bfa4-6504-5ee8-8ada-03f716f39ade,production_date,12,1880
321031ff-af48-5d1e-bfe3-597fcd52cc25,production_date,12,19e eeuw
9d6804c5-3e98-5d33-92a7-b9da15211410,production_date,12,1890
4ce9975f-b4cb-5513-835e-a7853256802a,production_date,12,1869
a4683f23-5b09-50a0-937e-36f21c16e595,production_date,12,1890
b64f059d-b263-5314-8e28-6e81635e1fea,production_date,12,19e eeuw
eaba3f06-061a-51f6-8424-ced58e966256,production_date,12,1964
eeefcc8f-ae68-5cc0-9876-7b16b5830ca1,production_date,12,1-5-1954
0af8728d-0cb9-594c-80cb-b19ae53bc6fb,production_date,12,23-11-1881
e617d2fc-0e9c-541d-b1c6-cabb3253f5c4,production_date,12,1889
e59cd97b-1f7f-5e5f-b335-6a092cbf01ec,production_date,12,1949
828f7c0e-6357-5e54-9af9-737ac9645a63,production_date,12,1920
7228950d-625d-54cc-aa53-ec614dcff599,production_date,12,1919
6f1fadbd-e226-5629-a5d6-53ac9c7e1160,production_date,12,1915
b1ac5017-f6f8-5088-b3d4-30073305ad9e,production_date,12,20e eeuw
15982fbc-5504-5cf4-8ba6-aebf49a16fa8,production_date,12,2e millennium
fcfa0511-d310-5872-9cf6-67304d3233ce,production_date,12,1950
93d1a286-e642-5a5d-b5f2-fe71d3d9e0a5,production_date,12,2e millennium
57c2ebf1-ffb3-54e4-909c-65334e751c3c,production_date,12,2e millennium
4d666a6b-ee12-55b2-a292-15b82c911c95,production_date,12,1873
927e2ebc-000a-5d8c-909b-84b06e1c6fa5,production_date,12,1902
ecf3e17b-1781-5878-a755-84bf69ecbf87,production_date,12,1923
17088dfe-76e6-58c0-86a9-8ea7efdd55ad,production_date,12,19e eeuw
39f72294-04bc-5a70-84a6-1887f7bca590,production_date,12,1929
bdef1e22-884d-5b7a-8d41-e2ef55ac5ed7,production_date,12,2e millennium
205c0c3e-8975-5798-94da-0aba26779548,production_date,12,2e millennium
4c7992b0-8bd3-5ce1-9c3d-62a734cea1db,production_date,12,1828
dbc51136-3a0e-51be-a633-940215208334,production_date,12,15e eeuw
a193d385-cc46-5662-aa0a-5699c685afb6,production_date,12,2e millennium
0f296359-24ce-5969-b6ba-875b84472898,production_date,12,1933
b5810403-2e9d-53c3-8e77-bc0ee225493b,production_date,12,1976
b0745799-4954-5527-86a2-9400dd1dc5e1,production_date,12,1870
e8c8cb08-8c71-5486-8eb5-936b29149e52,production_date,12,1-2-1928
6aa0acc9-76bf-5a86-9563-9d868579d6c6,production_date,12,19e eeuw
d6161038-e5c8-58c5-8d62-43ea77b05a9a,production_date,12,1928
755c684e-1c1e-5fdf-ba4e-de0907e55c51,production_date,12,15e eeuw
3ea8f38a-bc6f-5d08-9c0b-46bfec21630d,production_date,12,19e eeuw
8f3ef4d5-e682-5c80-98fa-809d9e6100d6,production_date,12,17e eeuw
c3e50d7d-b93b-5ad4-b07f-dff8d60f1ef7,production_date,12,2e millennium
c8be819c-0848-5a2a-856a-5e87729178e7,production_date,12,20e eeuw
07250012-53e5-5bcf-9326-179e4358b13d,production_date,12,15e eeuw
4e09cfc2-ebb7-50be-8a9a-210882a4232c,production_date,12,2e millennium
ea10c89a-1163-51db-a320-8af42c1177b2,production_date,12,1825
96f91ce7-707e-5cf5-b1b8-f812c27c850a,production_date,12,1911
8fdda20d-cf65-5e88-969c-2eddabb9a494,production_date,12,16e eeuw
8b3b63a1-f32f-5999-ad7b-04a9600749ac,production_date,12,1893
c3927714-e7cb-5f6f-80cc-568d27e5afaf,production_date,12,1895
c7b2d1dd-d447-5389-b0a0-2735d6f06056,production_date,12,1897
d7ddf887-1c9c-5144-abe5-17ef63081fbc,production_date,12,1935
eac01161-6cf5-556c-b468-f4606cf0bc1b,production_date,12,1854
da7b5cc0-fe64-59fb-bd2b-93378cc166be,production_date,12,1877
38e690ee-4b78-545f-bf26-a8dac7a740e3,production_date,12,1442
22e02975-db78-5684-b913-03a13ff9ce9d,production_date,12,1922
5ff40589-071a-5f7b-a819-dcdcc811903a,production_date,12,14e eeuw
cd6b78a9-5174-54cc-b9ed-c68d9fda37e1,production_date,12,1936
691f86b9-c6ae-5598-b7c4-8ba11192aeed,production_date,12,16-5-1913
9919c783-3e07-5dc8-a370-9f6c052b031d,production_date,12,1951
496b68d6-b573-5b63-8e7f-16bed9e6be0a,production_date,12,1934
520f1b37-9e1e-5ed6-8758-6530a0633414,production_date,12,15e eeuw
545e8751-5da8-5a58-8da4-085ed5b13474,production_date,12,1945
c185dbf6-68d1-5bd5-8086-6e93bf5843ef,production_date,12,1910
67bd6abc-9f9a-564e-b904-02b78e797edd,production_date,12,1986
fd7ca960-c47b-5155-8e11-566137edad6b,production_date,12,11-1887
620075c4-f41e-559f-a3c3-46981ee53990,production_date,12,1853
f85dbdaa-dab1-55a2-8a29-87fb800348ba,production_date,12,1906
97f670f9-1272-5a40-b9b7-f80195fd8324,production_date,12,14e eeuw
d8c8aa4b-f2e9-52f2-aba5-1326ac8938f8,production_date,12,1906
7e585228-bbfc-54f1-839f-a7a3e6197f77,production_date,12,1919
29564380-7f30-5c9a-9560-fd298ed1b9fa,production_date,12,2e millennium
63d37518-735d-5959-a0a3-61d05a3b0430,production_date,12,28-12-1905
5267b74f-0ac4-59e8-bd1d-9140b0e247dc,production_date,12,jaren 1960
5ce3fac2-cc73-5c26-aee5-33c3a67fabca,production_date,12,1888
784fa46d-5118-565b-a7d1-383ba4e26849,production_date,12,1903
ff70c6c3-db35-599e-8439-211fa11f2a38,production_date,12,1894
5b0cd482-2131-5387-b99d-acdef2ff7c0c,production_date,12,15e eeuw
b887e183-c58f-5471-925a-14867fa98378,production_date,12,1902
3807d5c8-4153-56b2-b5e3-35fa3e51d397,production_date,12,1856
372bc8b2-5244-5483-91d1-1590d08ad990,production_date,12,25-6-1913
ca4cb842-8ec5-54c6-b27e-0e955c32bf8e,production_date,12,1900
affa02b9-64f8-52a9-bd61-dabf39ee763f,production_date,12,1935
ce7ac98b-9032-592e-8428-cb9c58e05b7e,production_date,12,1949
29dd7eb1-f3ae-596e-b39a-4e3422d6531a,production_date,12,1939
0661d3bc-2570-55af-bba7-d36fb9a89282,production_date,12,1918
42e280a0-7309-56c4-bb16-098af40d6841,production_date,12,19e eeuw
3c6441a3-164b-586e-974f-e45fea881be7,production_date,12,2e millennium
c29e43bc-9bcf-52d5-8161-551a1f4bc76b,production_date,12,1925
649bd533-ab3e-5742-b226-ce02ea6a8aa4,production_date,12,26-5-1914
4b3d81b4-a7e1-5929-a47e-aaafa0afcf3b,production_date,12,1867
8f956d77-58cd-504d-80b8-20cb9ef2b120,production_date,12,20e eeuw
23c2f2a3-3e0c-5d59-ad43-d964732bbe32,production_date,12,1901
6acaf311-ca04-564b-b435-d8031674b768,production_date,12,1843
ec64d8c1-57b1-5fca-8986-0b05c88eaa2c,production_date,12,20e eeuw
18e6071c-8c9a-579b-a2cb-3e0b742487aa,production_date,12,20e eeuw
82b1b7dd-4f88-5ccf-b244-895f2f9e599c,production_date,12,1880
5962c860-1749-5137-913c-fee0eb640439,production_date,12,1931
fac11a0a-6571-5555-b0f4-052a5b86a87c,production_date,12,1936
a69af003-3c56-5af8-94c6-c802d35bb12b,production_date,12,1863
7d18ee08-835f-5601-a854-2d9ce74e207d,production_date,12,1929
76147b2f-1614-5b16-a17b-104bb7da7ba7,production_date,12,1863
720297de-b859-5c2b-b52d-38bb88fc3786,production_date,12,1921
52cdaeed-6ad8-59db-bdcd-1b38e22b57f0,production_date,12,1836
ae0d1ae4-f5bf-593c-869f-9679584fc7aa,production_date,12,16e eeuw
eb978498-2146-55f3-9630-538b47fbdc04,production_date,12,1904
7c9a0417-5ff2-5d63-a953-d5c66a8cfb6c,production_date,12,1878
c3cbca29-0c9d-5f30-8eab-50ad3f244c92,production_date,12,1821
03a7e7f3-8d77-530c-bb44-c9c44c63af6c,production_date,12,1870
1f2268fc-bffd-5385-ab0f-d28bb149be6a,production_date,12,1898
3abf112b-5c4b-5b52-a89a-451f28ca005f,production_date,12,1844
90001281-4811-5615-b1a0-a23585851855,production_date,12,11-9-1894
b5c1ef49-c920-5faf-a35f-7ef3c2045fcc,production_date,12,1901
72ab4d98-eb70-5f23-a31d-9fc08c344f33,production_date,12,5-4-1875
34c20c60-adf9-5682-8a2e-e1a8b131f71d,production_date,12,1864
b3cb4edc-19f1-5abf-8f7a-a18bf54f70e4,production_date,12,1906
04a62400-d1ca-5f4e-a90a-a234f304147d,production_date,12,19e eeuw
e9fcea7a-5ca1-5cdf-8886-d8396b108f35,production_date,12,2e millennium
1a4ac706-df17-5c62-be6a-64bb1a94bca6,production_date,12,1913
55f6212e-38ce-5197-95f5-637dc1c3b5b1,production_date,12,1948
cb8135ca-8bd0-53f8-a1fe-ef2fedac7a2e,production_date,12,1879
12b8ece5-257d-5749-8272-eea395effa79,production_date,12,1870
c7d7f953-cacd-5a14-882c-8e9c61c0bfde,production_date,12,1887
0f6b7374-1511-55eb-b70e-f62e1862065b,production_date,12,1912
11284c2b-3bce-5316-b55d-42ab04aab34c,production_date,12,1775
f8da0612-9806-5440-85fc-ecf21688a6e9,production_date,12,1864
48883903-a44d-59b4-88d5-b28f96378a22,production_date,12,1673
9a6c7614-7955-5f03-925e-6282b5e01b6d,production_date,12,14e eeuw
624e630e-2ebf-5ca2-adfc-bfa711c83c53,production_date,12,1889
bd3ce70c-c3bd-54a6-8950-086c4102c94d,production_date,12,1930
e35d7b6f-5c6f-54e3-937e-e0b69ac3e2a4,production_date,12,1800
c44ca773-e8bc-558d-9e1c-26a3a1e9627e,production_date,12,2e millennium
ca82c601-548f-5785-80f5-56e38ca75f29,production_date,12,19e eeuw
3c8afc50-6c28-546e-b820-f4f12f4ba7c5,production_date,12,1875
8b3276e7-618a-5290-813a-cc015f0284c4,production_date,12,1617
5430afbf-8e42-5f13-8d41-b55bebd3db40,production_date,12,2e millennium
c200aef3-6c28-5cb5-8ec1-8d09d6f838b7,production_date,12,1929
6287c390-a90b-578a-b4a1-f0f11559bd2e,production_date,12,1895
922d8074-4fc3-598e-be7e-7e81585fb2ce,production_date,12,1881
ee2aa19e-0048-520f-97d7-77ed218c04b4,production_date,12,1954
671049ee-4930-5e05-86f0-7223db82c066,production_date,12,1869
796daee4-3f8a-5ea4-aa3f-3c867448403c,production_date,12,2e millennium
55bd99c5-1739-5a47-a73c-ea8ce9a5b6e8,production_date,12,1885
76505ab7-7e13-5e5b-9a82-6c8fc37cf190,production_date,12,1826
1bf3ad63-8f67-5b4d-a66f-777f8d1a1b21,production_date,12,20e eeuw
d4c1d0d0-246d-5524-a00f-a43997d4298b,production_date,12,20e eeuw
b8e5ff91-d868-5578-80c6-81c39979c4ca,production_date,12,1884
14670563-f47a-5be0-8632-2099681283e1,production_date,12,18e eeuw
359fdefd-fb80-5e8e-b76c-90bd89b7ea27,production_date,12,1873
52d1882e-130e-5326-8276-d0655f8af563,production_date,12,1442
6e3a7003-7913-5910-b13c-2b60ef08cf3c,production_date,12,4-1896
c4cc0b8a-79c6-5561-b2ca-e7b37ac491a0,production_date,12,20e eeuw
58fb995a-23c2-54ab-bb7c-ac3bc9f30f12,production_date,12,1896
ae169d29-2f30-51c7-a97f-1e2eec5f189c,production_date,12,1882
3c23696a-763c-54d9-bd66-67e78c8465f3,production_date,12,19e eeuw
db030d7d-c2ec-5e23-9670-401b32d8b06b,production_date,12,1894
2e8c1f9f-c809-5828-95d6-817716e79e9f,production_date,12,1961
52bbe952-f06f-5677-9f39-4959e4357154,production_date,12,1883
774e3eba-c835-55fb-9647-fb3228e1f813,production_date,12,27-6-1888
cea212b6-76c3-51b7-ae74-6e56b37f0751,production_date,12,4-1966
8d0d6e2c-b6cd-5754-8b09-2c4b35f238f2,production_date,12,15-9-1913
f6609d58-7f52-5992-8770-031ac933dfd3,production_date,12,1407
2f2ae1a8-f21b-5541-ba8f-d5d89f078e71,production_date,12,1888
502effa6-4c01-5b06-9fb7-798e01588e60,production_date,12,1921
d1e00593-4f3b-5cad-a9c8-cf2776f294ae,production_date,12,1931
9b04b95b-1187-5bef-b996-79b0f428441d,production_date,12,1952
49ec8d7d-88e5-5ba2-bf74-ddc1a1d6cf15,production_date,12,18e eeuw
1fd81d90-cdb2-58f4-9dd7-f18ac328a37f,production_date,12,17e eeuw
f7f4648c-3719-51c7-b053-b55fed3eafa8,production_date,12,1903
e47ed9a1-296a-5f7d-abb6-33953fa56b3d,production_date,12,19e eeuw
5aea2238-5be2-58b2-8155-b69d335710fb,production_date,12,1959
a8065b17-a394-5945-b4fd-d842c5feec3c,production_date,12,1959
466f073f-016c-535b-a174-697bda3d58b5,production_date,12,1926
15ae7b87-b94a-519a-a8f8-bb9ac87b09b6,production_date,12,jaren 1860
f5999427-92b0-55b5-b0b5-fe1d0a7fd1eb,production_date,12,1905
9e60d70c-9985-5f81-b9fe-dbcd527e6d9f,production_date,12,1925
fecfd1b0-ae5d-5bb1-84d4-6f916f7deacd,production_date,12,21e eeuw
4c87ca15-4887-5ccb-b596-f4ae4a808af0,production_date,12,jaren 1960
740ea44c-d126-5f5f-9cbc-21796bab5e22,production_date,12,19e eeuw
8f3f8880-4051-55c0-ac59-a76f4f73cc58,production_date,12,2e millennium
3e24c01c-cba1-5db0-8f16-2e0f03bb826b,production_date,12,16e eeuw
241bdd96-bade-5570-9acb-547ace0dae2a,production_date,12,jaren 1890
f5135d98-3c9e-5c47-b7f3-3af5c7a92c34,production_date,12,19e eeuw
805a7400-932b-5ba2-91fb-82c3668ef888,production_date,12,1952
824e5f95-1f97-5ac7-9a1c-f7a78f6951fc,production_date,12,19e eeuw
87299ca3-856a-5f37-b825-9f4463284175,production_date,12,1859
eb82b7c7-6a22-50b8-bde1-28da768cf858,production_date,12,1931
2a7898a3-9f4d-54c9-9686-9091fec316cd,production_date,12,1969
e6bd6dc6-b698-5155-94e9-8a6395997baf,production_date,12,1964
ebe5df7c-3cb7-5c43-9f28-641f167dbfb1,production_date,12,30-10-1935
4d2c35e5-60c5-56ca-a48d-0242e548ee29,production_date,12,1910
ee8b4090-db6e-58c8-8ea8-aa5c56b53006,production_date,12,4-1899
f6dbadb7-205f-5c00-b56d-cc2d240b8391,production_date,12,1908
0a7b73c6-5150-5f43-9b8a-c485c9d95c2c,production_date,12,19e eeuw
8f08104a-288c-5b9c-bee5-342c66be7db7,production_date,12,2e millennium
d983bcd6-5b01-5c8c-9d72-a530f31f6e39,production_date,12,14e eeuw
82dd4c58-1670-5b4e-a66c-dc8fa7d6bb0e,production_date,12,14e eeuw
e9499cc2-5a8a-5641-8034-088c16470c58,production_date,12,19e eeuw
fd685a66-3ff0-515d-8997-ed87220ebe5d,production_date,12,1963
61a4e31f-fb42-5371-a293-78632da657c2,production_date,12,1931
16954a46-9649-5397-b2f9-62cb022f9b56,production_date,12,21-7-1914
5da96d08-4a58-5897-bd27-6a23bc84a653,production_date,12,1876
f823e999-5194-5ec9-ba78-0fa7237e496d,production_date,12,2e millennium
93de8bfb-a406-5c6b-abcc-e0ed968b7052,production_date,12,1933
389e8653-b415-53fe-ad6d-04be60d6b3d8,production_date,12,2e millennium
837c21b7-90e4-5ec8-9adb-5b836f3883ba,production_date,12,1891
f1294848-da86-5562-abd0-f14aa3847b69,production_date,12,1933
5e24442e-a3f0-5c56-8733-f3c00b4e57c4,production_date,12,1905
b7db16e3-df4d-565a-99fe-d10254c1b90d,production_date,12,2e millennium
2aa83d9d-f406-56b0-903b-dea53d69f12d,production_date,12,1930
f2871bdd-2446-5993-97a3-c42b4b52de54,production_date,12,1964
48236c61-ff3d-5f15-accf-3cdca29dda30,production_date,12,1897
5560aba2-3263-548b-ae03-fddb7874d360,production_date,12,1894
e9391520-3bc4-5799-a563-6bc73db678b6,production_date,12,1877
90d0917e-0e8d-518d-9707-ae63aa09428c,production_date,12,1954
86a69588-6083-5588-ae6d-47dba4f7c40b,production_date,12,1909
3501b81e-aae6-5811-a479-841804f3612d,production_date,12,2e millennium
b5c39b37-5283-5d7b-b988-366854b0bd81,production_date,12,19-4-1950
9727ff33-4d53-5f99-bb81-7cd05cd39083,production_date,12,1923
cc4312a3-201d-51ed-9930-aa8250210ad8,production_date,12,2e millennium
926eda34-7ded-5605-bc01-f796e1f2727a,production_date,12,1901
c4559abb-5710-503b-a4d0-99bc54a362f5,production_date,12,1917
f7ce3af9-7006-5f99-80fd-890338af52d7,production_date,12,1907
0649aec8-0d3a-5a99-a8ab-40f788dd7358,production_date,12,2e millennium
99e05dcb-51f2-5f9d-8095-fdb9d2b643bf,production_date,12,1897
25751114-a148-50b6-bf02-a0a52fc673bd,production_date,12,1929
66208781-6047-53e8-9d46-c56ede7f9736,production_date,12,19-3-1887
b088ecc3-2d14-583f-9217-f202c2b2ae81,production_date,12,11-8-1842
7b1c4e7b-f420-5700-b671-5b25cb67cb81,production_date,12,1919
65d30f61-046c-5d1c-b5bd-10cee2131baf,production_date,12,1930
92b0c601-e10b-5480-b660-1823130c6cc7,production_date,12,2e millennium
b915d9a5-d8a4-5df1-b699-4ff10e114f37,production_date,12,1894
ecc77f89-a5cb-5ac8-b48c-6773ee50ca98,production_date,12,1928
b68fe09d-ebca-5560-8950-3c7d8a55e64d,production_date,12,28-5-1931
b8633af2-e469-5fcf-ba53-0698e8113592,production_date,12,1843
946dba94-0978-5cef-b68b-2058c6265805,production_date,12,1935
de8fc63c-231a-5293-a278-eb7fd5690096,production_date,12,1889
8e6ca3ca-1cec-5d86-8ec0-4435c43d571c,production_date,12,1834
01e3585e-b8ce-5555-af0d-7babd8024399,production_date,12,20e eeuw
bba0548e-1f55-5ff5-9336-b9c489ea5e7b,production_date,12,1904
926b4af9-d821-5721-8a98-4feb3559b3fa,production_date,12,1874
3e1fd821-02d5-52c3-9b89-f431c015d246,production_date,12,1977
d2489753-98c3-5f2d-bb95-3539a73ce99c,production_date,12,1837
ad5f815f-7d13-5197-a561-0a8c6ead36fe,production_date,12,1928
5bad9ed4-b6cb-5c5d-96eb-adf1681940dc,production_date,12,1913
9ae975ab-e60b-5271-9b46-ee01b6bd809e,production_date,12,24-4-1872
f2e52c36-242d-5da3-8f0d-a718e47cab8e,production_date,12,1935
f950e9f7-d3ac-5d59-b32c-a8638b753a60,production_date,12,1923
4f1de48d-e739-5a2e-952d-a4260e45f7b5,production_date,12,1903
95b9dbaa-e9dd-5f1f-bf5e-8a2acbbb4e31,production_date,12,1930
6a7e6037-f234-5c79-b1a9-125453daa7ba,production_date,12,1760
27650ecb-3926-5260-96a1-8ed06266f1c2,production_date,12,1862
3da29b13-5b2b-5570-b143-181a382af50d,production_date,12,1900
4deace54-c1a2-50da-9597-22b1bc8d986b,production_date,12,1929
dff82f3b-4db9-5678-99c9-2a6cffd6b510,production_date,12,1940
18d7326b-e59f-5c63-8ecc-a27c2698ae3b,production_date,12,19e eeuw
03e0ae5b-39f6-55dd-9bc8-bc76f02ddced,production_date,12,1860
24f5eeec-6c27-596a-9d72-ec4685f161c7,production_date,12,1845
da04bf56-49ce-55cd-b5af-30671fa3df3b,production_date,12,1994
15e069c0-9590-5af2-9ebf-81be1901e1fe,production_date,12,19e eeuw
f127b767-ce9b-5cbc-bbcb-ffaa09a098d5,production_date,12,1925
c482897a-7f48-55be-908c-7b84918c0d4c,production_date,12,2e millennium
2771434f-8ca2-51b4-9656-82fdf5504c41,production_date,12,3-6-1929
fde20aac-cd4d-5aba-9892-9a964fcdcfd0,production_date,12,2e millennium
438c7a88-23ce-5a69-bd74-40aac3237acf,production_date,12,20e eeuw
7187b2f9-cc41-57d7-bd4a-f2ed03503d8b,production_date,12,1964
94421e70-bfd9-5e3f-aa1b-eca9367ae4be,production_date,12,1903
8f301e6b-3b27-500b-a1d6-ab4f758ca6d9,production_date,12,20e eeuw
f86cc0ba-9051-50aa-a807-68dccebdea9f,production_date,12,2e millennium
acee27e9-d96d-5964-b35a-63005638683f,production_date,12,1952
3feda9a5-6f90-5d76-97d8-b59031d6a52a,production_date,12,1912
5922b0eb-d04d-541e-b2b2-ebce274c800e,production_date,12,2e millennium
70490a71-eefc-594a-9cbc-2f5647b59246,production_date,12,20e eeuw
7076cd90-29f9-561a-8b03-1d77643dd639,production_date,12,1830
c82a0d13-92ff-5680-9466-fc15cdb2f159,production_date,12,20e eeuw
14aa50aa-d266-57f5-917e-9084ed565167,production_date,12,1884
1e3ab0a8-2bbf-5ccc-b0e4-31c177fcea6e,production_date,12,1904
e5629243-c36b-5120-818d-58c279a62f8d,production_date,12,1899
fafd282c-7ff6-5af1-b04a-498b5978d85b,production_date,12,1962
3cd77a54-80bf-54ca-9644-69864f2b14ba,production_date,12,1924
ed9897cb-9137-5da3-9696-b8543a8458f5,production_date,12,1925
194dd9d5-9362-579e-aaf4-852daee40709,production_date,12,1387
b3c0f2fa-892f-5873-a1af-feac0c64fe6c,production_date,12,1896
7cb51274-4bd9-5fbc-8d02-159fd8158121,production_date,12,2e millennium
21816603-15fa-58ba-aee5-060d12f7b220,production_date,12,20e eeuw
159b0b53-539d-59a5-8800-238d51740539,production_date,12,1278
dfda74a4-1f0c-574f-9475-32f1c1aa9de6,production_date,12,1936
969ff03b-0cb2-5177-b451-1104c9619c55,production_date,12,1883
1a3cadd2-109d-5b3a-b7ea-e904d29fe362,production_date,12,14e eeuw
ab7dc7b8-3dba-5fcc-a084-b20034172b00,production_date,12,1898
bcb6ef35-70c0-58c8-a5d5-f179d606e4b9,production_date,12,1843
a615ae57-3bf6-569a-a341-a4b22ae7017c,production_date,12,1449
dd6190b7-ff34-5865-90e5-edfd1aacc540,production_date,12,1400
e9781eec-76e6-5c82-95d8-ad2d2cff614a,production_date,12,1309
556ad9e4-1f1b-5e0c-9c7e-b0edd3dedf40,production_date,12,1421
3d9982ea-fec9-566d-ab2c-1abf1a66f67a,production_date,12,1877
ebda12da-7049-51ce-8162-ee466883ba73,production_date,12,1909
de14f261-be9c-526a-97cc-b0438ad4a42c,production_date,12,20e eeuw
21255757-375e-5c9e-afdf-10cba10f82a5,production_date,12,1926
df026a35-3319-5157-a947-f13144799121,production_date,12,1904
df87b39d-b3d5-565c-a017-da19f947f952,production_date,12,1857
117f5a34-b01d-588a-80bd-5d6ed906c5af,production_date,12,17e eeuw
5f861768-b8e5-57a2-a447-6a098a6f2b23,production_date,12,11e eeuw
0324418d-af86-5e61-9165-5c1596182406,production_date,12,1308
82d6024e-2efe-583d-9fad-e3c82ccd42c3,production_date,12,1948
b8c485cb-c842-5783-b65c-f00bc89d7ac2,production_date,12,1652
c93dfc28-81b7-509b-b05b-89eb3edfb30a,production_date,12,8-8-1887
c3824bb0-7e91-5b49-b6d4-249b72b100aa,production_date,12,1719
8daacaeb-29de-5509-8aac-79f9a62ac6d8,production_date,12,1904
8bfca323-acfb-5968-b652-1251436d9644,production_date,12,1917
9eef099e-12af-5197-a9ad-84577171a2fb,production_date,12,1871
c38e5b70-48b6-5d82-b3af-cb5d2cfdd958,production_date,12,1873
6848a78a-a9ef-5d09-a343-54a4204c8aaa,production_date,12,1900
bb3872b9-40cc-5d0f-a83c-499a1bff9082,production_date,12,1916
8da634b8-f029-5891-be11-2225ca3c28cb,production_date,12,12-7-1953
76ae6369-4749-5e41-aa12-986f29606350,production_date,12,1851
0ef0988e-b105-5cb1-a515-5c8aa88406ad,production_date,12,1887
6f6d7fbe-d6b3-54e1-8871-5a1d3c81d7ca,production_date,12,1914
f1fae857-ba4b-53e6-83df-a51b47f598e1,production_date,12,1915
5abfc21c-44da-5a56-b35d-969fcf6af961,production_date,12,4-3-1851
4df91712-2a25-5f62-b6e6-6fa868f63b68,production_date,12,24-2-1880
17ead4a4-8701-58d5-abf2-bbf096f9a87f,production_date,12,1931
87d053b8-1fc3-5d95-a460-9236696b2a55,production_date,12,1462
926d6c6a-498a-582c-a9a9-0f3329341954,production_date,12,1735
80918dc4-c839-5046-b7e8-3d9f9e6d7ee8,production_date,12,1862
bdcea21b-12db-5d25-8997-db3194a49be7,production_date,12,1850
9f0c2338-21ac-566a-9350-a71331b17617,production_date,12,1717
38f1598a-0fa8-5363-bc71-dd968809c8c1,production_date,12,1439
22b2cd45-e10d-55fa-ae2e-ca6d53c766da,production_date,12,2e millennium
d6c2b8e9-4704-575e-8b5a-f9618f9ce2de,production_date,12,1910
f601324b-6d23-55d3-8109-8916bfb35acc,production_date,12,1903
e781de56-c4b4-5298-8ba1-fdb90518cf8d,production_date,12,1890
b7394bc1-1691-5fa1-85d8-803d1b2e1fbe,production_date,12,1871
3a82e67e-71de-576a-b67c-c5680f513478,production_date,12,1910
e6ef0395-5aa6-5a14-88e9-7986b707625e,production_date,12,1934
29e90482-356e-5467-8c3a-9fbd2ab1819d,production_date,12,16e eeuw
eb045ee6-523d-5da3-937e-2976bf1339f5,production_date,12,12e eeuw
f5183ff9-0304-580e-a2df-7e60d3f03380,production_date,12,1671
7ca41b5c-3658-5d9c-a811-7d3e841eaee5,production_date,12,1887
3474ebba-fff0-5947-848b-6befacd911f2,production_date,12,1907
4aa88f79-3782-5dfa-abb5-c83705b0e054,production_date,12,1720
059f78dd-8ed8-5bbd-a7e5-ca03456f63ff,production_date,12,1850
c1c45042-cd9f-57fb-9b1a-5250d5718e64,production_date,12,1649
763de2fc-d1d3-5276-a958-8923fd3e2523,production_date,12,1471
e5ade282-ddb3-55b4-a37d-3b2495469d51,production_date,12,1939
518424c5-56be-5dc2-941e-3b76ae6e763e,production_date,12,2e millennium
9ff6e82b-7fa6-5611-b8a1-2ff832019d93,production_date,12,1652
b5015326-f198-5138-ac1c-0b08a61bc942,production_date,12,1904
7a3095fe-e15e-5b67-941a-26c002ea3840,production_date,12,1913
9af8152f-4e13-5358-ad85-648e2ed28ebd,production_date,12,1911
1448d57f-2835-5403-85dd-f98a293db5fb,production_date,12,jaren 1930
931c6ee0-5309-5863-b372-ee3de6e51542,production_date,12,1912
023cf90e-d3ff-5bc9-8fb6-c47303f1de60,production_date,12,1928
30e5e574-4d58-5fe5-93f1-a732a1f524e3,production_date,12,1840
b320c3b5-a235-5908-b2f2-5c5a9e56e63e,production_date,12,1205
18180d88-4a6d-548c-b92e-654f1275f86e,production_date,12,1934
a962c373-c37f-5980-b050-9d7a45dcc0d4,production_date,12,1626
b50c1a4f-f0a7-5c5c-b277-17178a4248cc,production_date,12,1857
f57f48e8-74c4-53b3-b5be-7ba8394bf481,production_date,12,1899
93eb1c89-4a6e-5d13-b18b-a50dd4211d71,production_date,12,1907
ff215ded-6dcd-56cc-8722-0b6e585d5ac3,production_date,12,13e eeuw
d6910a89-5434-5ec1-a4a8-cf320e9226d3,production_date,12,1874
d66a8393-0d21-51b2-87ba-65080d5e3f98,production_date,12,11e eeuw
e42dcedd-8ecd-56a8-97bf-3bf127b2c405,production_date,12,22-5-1821
88817008-8833-558c-9967-e8aea591402c,production_date,12,2e millennium
0038e891-2394-52f1-9416-c8952c6e4eca,production_date,12,1869
df9576a3-7a55-501e-a460-ddd90356719a,production_date,12,1641
65430bde-92a6-5fb9-888a-ee40e8503e82,production_date,12,6-4-1810
54e9cf54-8fab-5d54-835f-b12c2aa3ebf1,production_date,12,1-7-1953
bd6dc431-65ba-5116-9631-db1f9f0f3cee,production_date,12,1951
382b3cbd-9f7f-5927-93ad-0129dada9802,production_date,12,14e eeuw
5e855bff-41fa-5107-91d0-e86f3de29239,production_date,12,1716
b8b2bb55-83ab-504d-836d-2e24ca0d8d2a,production_date,12,1648
00535f4d-c0e4-5c55-9c6c-863092cab3c8,production_date,12,jaren 1940
5d37aa40-9163-5a18-a5ef-5c907a36cbfb,production_date,12,1336
2452c2de-c6ba-587a-bdff-6bcace0d13c4,production_date,12,20e eeuw
848b8042-c160-5c28-9857-4711f6382387,production_date,12,2e millennium
9be5e99c-a8ee-51ae-9d94-7ce99da103a3,production_date,12,1321
cc26f4cb-2d20-52cb-b02b-fed572f42c78,production_date,12,19e eeuw
ce34c067-bdf6-57b1-b9d1-3b6e4f13c709,production_date,12,1878
3484681d-243d-5899-bbb0-4b6ef772fc07,production_date,12,1938
817df5c5-b609-5495-9658-34c3809a24cc,production_date,12,1420
8fddd2d1-d7dc-52a2-a91d-9344d52a30ca,production_date,12,2007
870648ff-19fe-5921-888f-eb2198a32780,production_date,12,16e eeuw
16b80835-dac3-5a3b-8b91-c0f8713bc9c5,production_date,12,1960
edc2d409-7f57-5d3b-a2ce-d4aa03743f73,production_date,12,1972
474e1dd0-4f16-5490-8f92-7b6d6d770ae5,production_date,12,31-5-1936
9f5c10d3-d738-5d80-a984-30b60eaecdd4,production_date,12,1405
da8f9d30-363f-55a6-a0c1-07b42ce30320,production_date,12,2e millennium
7f7946b1-d499-5751-a3fd-bcb846ee8aa7,production_date,12,1977
4c4371eb-9187-550b-ba79-a176408c6094,production_date,12,1644
0d771e15-fa7e-56a6-a246-b0b7d95a1998,production_date,12,1957
b6fc685f-83bd-59dc-bc42-7baf27c29b3b,production_date,12,1889
6b348493-23f5-5e23-8a65-e938d6d2dab1,production_date,12,20e eeuw
eb56c2e3-42c0-5122-8de0-4af5b35f49f2,production_date,12,1952
b051c161-697c-5cf4-8e80-ef83cc48553a,production_date,12,2e millennium
612ae52d-2319-52f9-b8be-ee0190d7312e,production_date,12,5-5-1931
d98ff20e-3fbb-51f5-8d2b-6ed6c97cbdd3,production_date,12,2e millennium
93537268-13f8-5e1f-9740-c9c928a03923,production_date,12,20e eeuw
82c1654f-df92-558a-b32c-d23852e3cf16,production_date,12,2e millennium
abc84250-8fa4-5d6c-bc76-5fafe9a0708f,production_date,12,2e millennium
d264d243-4f3e-5f39-889d-e235fa996e9b,production_date,12,2e millennium
81970fb7-ba69-565c-a0b7-021ede81efa3,production_date,12,1785
65060eeb-2b9e-54df-b660-c7a849264588,production_date,12,1924
93bf1ac0-75af-5500-ab60-8699d6315263,production_date,12,1978
9e90565d-9a65-554a-a196-995a7344245c,production_date,12,2e millennium
0179fb99-25d2-5193-9156-e09b0ed0ddf7,production_date,12,1923
fa4506a5-22ce-53b6-bb17-96ddfb2f6947,production_date,12,1925
078b7322-e109-5a44-a9d0-b758fd265d3b,production_date,12,1898
1af06bff-01e4-53cf-8842-15c155f14253,production_date,12,1965
bca0a69b-b673-5e57-b62e-220024febe12,production_date,12,1936
5cc3c2e7-8372-5adf-9581-73cc57d846c5,production_date,12,2e millennium
f15cca24-cd78-528e-8a8f-938513f6081e,production_date,12,1960
a90d4ff0-6391-5ca5-bd0e-f7c3a1d1d195,production_date,12,1909
847989de-d112-5812-bafd-5ff2236fcb77,production_date,12,jaren 1960
da00db12-a800-5a4f-8a57-f719eb2d160b,production_date,12,1910
6695bdae-1c8f-5dfe-b7a2-377226da577d,production_date,12,15e eeuw
2cc65768-3316-51dd-8e1e-801fe4d47474,production_date,12,2e millennium
02a2036d-631c-590a-82b9-f7683ac52f48,production_date,12,2e millennium
34d24922-aafd-5ebf-b0d1-943995bdab70,production_date,12,20e eeuw
d5ef396c-553f-5203-b1e2-55a35bee8018,production_date,12,2e millennium
6230d4df-b6ce-5eee-b184-0375868384c2,production_date,12,19e eeuw
2be67ead-2565-5f5e-ae16-8774e87cbbee,production_date,12,2e millennium
92bb391e-c8cd-54ab-be58-3a5c79b7a23f,production_date,12,2e millennium
7a072572-c421-5b45-a668-d11f58cc3bfc,production_date,12,19e eeuw
533fba1a-068d-5ac2-a639-eacc68cc6e60,production_date,12,1821
79be72d1-e92b-5389-9ce3-756d661abb82,production_date,12,20e eeuw
c4f22fed-cb02-5226-8fa8-481048f790f0,production_date,12,1879
40d8e1c9-8714-5761-931d-90c8ab6b3a2c,production_date,12,1963
977f1e7e-f169-5ed6-ab6a-ba7807254352,production_date,12,jaren 1970
92864a98-bdeb-51fe-ba35-e42f26ec3baa,production_date,12,1865
db1e228e-1041-57f5-87d3-9b8ab990c511,production_date,12,1840
765de8ec-0c73-50d2-b760-c26edc6e93b2,production_date,12,2e millennium
a83e221d-1f48-560f-bb01-cfc001142943,production_date,12,2e millennium
3fc5355a-09aa-560f-b541-d8281022562c,production_date,12,1954
7eebb892-94e2-5b01-8d73-9664e99c943d,production_date,12,1938
9c7913d5-a2d5-5864-9d8e-d67b4f8f8bf0,production_date,12,2e millennium
fb9aeeaa-3686-56ca-8fa9-b71531044bcc,production_date,12,1909
dd6a2e31-f5c7-5594-9467-47ac2c40c097,production_date,12,2e millennium
20cdaaca-8ed3-5a96-92b3-83d50c36b4dc,production_date,12,2e millennium
64fbbc7b-7daa-58e1-aba6-ecba01251747,production_date,12,2e millennium
1ed94637-2a26-571f-a1b0-e708dcbb38d2,production_date,12,2e millennium
75d1b87f-74fd-5ce0-8a9b-0d6c1d782718,production_date,12,1949
2deace4b-617a-5ccc-8513-a49464d460c2,production_date,12,1432
8589eb83-1e0d-5bd0-b301-fdf58cd96ae2,production_date,12,2e millennium
8a57cddf-b093-5b42-943d-619f43e28b4b,production_date,12,jaren 1980
2930d334-4f0f-5708-8d9a-9d47ace9c6f9,production_date,12,20e eeuw
0d954222-0234-5449-9d60-473c8eda6ab6,production_date,12,2e millennium
ba41165a-cfc1-5ebb-9d96-4c3725c3a824,production_date,12,1993
0439f348-9b13-5bc9-840b-f00f50bf30f8,production_date,12,2e millennium
56128d63-cf88-55ea-9603-28daeaa2b98a,production_date,12,2e millennium
90f6eb64-9eb0-5d06-8f36-6dbfae0398b4,production_date,12,2e millennium
62211a0e-062c-5587-8238-8a91227f5064,production_date,12,1950
d4436364-f1a2-56f8-b2f4-df4b0bac9bab,production_date,12,20e eeuw
7daca1e9-b0c5-5a9d-9819-7880304dfe37,production_date,12,1937
8d94e185-2f21-5456-a549-d2019b7e04d1,production_date,12,1931
67c90f84-6242-5b64-a7c7-d6cd79e04840,production_date,12,1957
c6149979-f1ad-5c0a-b6d7-86d4dbdb93bf,production_date,12,1994
489a8486-a350-5741-b831-ae2fcf414104,production_date,12,2002
7c16da24-838d-5159-9ac1-1ab21bbb154f,production_date,12,1886
9ff1c7de-2f55-5897-806e-b96af0bbeda9,production_date,12,jaren 1960
0ea898a7-af5e-57a3-98a7-1b509d28a9fb,production_date,12,2e millennium
7dafc00a-0c8e-576f-9001-5edb5b5404a6,production_date,12,1875
d7afb2c9-9bf5-575b-8d05-db15cc6f7d8b,production_date,12,2e millennium
f0a1f9b7-50b4-5645-bf06-0f68bf70f933,production_date,12,2e millennium
385ca840-b222-5a0b-b20f-27964bce92fb,production_date,12,2e millennium
d3ed69d0-832f-5d61-884f-5afd073cb307,production_date,12,1876
141ce7d6-c1dc-5c4e-a040-05902b394f48,production_date,12,2e millennium
8d3d8e2b-76a4-57c0-8938-3f22362a62ff,production_date,12,2e millennium
44f86273-9f47-5064-8f89-dd874d320a5e,production_date,12,1929
8cdda3f5-a495-5cb1-a797-4b72ba6ad889,production_date,12,2e millennium
39ba2793-e30d-540b-9ea6-10ad49f59d39,production_date,12,2e millennium
e9045249-2d25-5d42-bae1-29305406df3c,production_date,12,1895
ec4a9f0c-3305-5a92-87d2-0603e562b118,production_date,12,2e millennium
504da42a-9ca2-5504-9d0e-b20cc527f771,production_date,12,1972
82578cef-a554-56a1-b4af-f468c8553ffe,production_date,12,2e millennium
11828315-695c-57ef-8be7-2bcf244b30a1,production_date,12,1925
967d32ae-8680-58b0-b935-b3c36b3e92ec,production_date,12,1924
2012e419-6348-59e0-bd16-1d93e9c8a55b,production_date,12,1980
2d5c26fc-a665-526b-a97f-563bf4a92e0c,production_date,12,2e millennium
aa5f431c-dd9e-510a-bce5-532b14602db8,production_date,12,2e millennium
5dc43084-9091-51ee-9a35-9c203f4315f1,production_date,12,2e millennium
f1a18994-d51a-500e-b317-638258d64387,production_date,12,20e eeuw
ea7a4273-02d0-5513-a3da-cc116a45295a,production_date,12,2e millennium
9ca96822-884c-5378-b3cd-4c84dfbe999e,production_date,12,15e eeuw
58aea2f2-89b6-526d-a473-8d942e7c4563,production_date,12,2e millennium
9a57b31c-800d-5d98-8ee3-149db8a7051f,production_date,12,2e millennium
341b8726-2cc2-56d5-a1ca-1884a08f142f,production_date,12,15e eeuw
4c08419c-05ea-5d72-ba55-d5b85bc00470,production_date,12,2e millennium
94b95acb-9c43-517a-bdfa-88e7d55bf756,production_date,12,2e millennium
43fa9ea0-85cd-55cc-aaf3-c645b0b7d65b,production_date,12,2e millennium
a60349ad-7bc5-5db8-aa3b-d82ef76752f7,production_date,12,21e eeuw
eb27b1eb-de82-5e3b-a1c9-e4892a734963,production_date,12,1939
f75e3d28-23d8-5f7d-9e70-d180ebf6b04c,production_date,12,2e millennium
9e25219d-956a-5919-94b4-5ca1b95ca322,production_date,12,2e millennium
87b4d07e-5008-54f4-b759-b7bed55a562e,production_date,12,2e millennium
6ee606bd-d207-5587-b2d6-41314fd42c5e,production_date,12,2e millennium
322fb490-3e00-58ef-a5e8-4a5ddca82eab,production_date,12,1977
5a6dbaab-d2dd-50dc-bafd-345cf386b58d,production_date,12,1844
15d317bf-e55a-58a9-a1e2-ede42800e86e,production_date,12,12-11-1981
a7ed6b3e-27c9-5138-a50f-dcbee1463dbc,production_date,12,1930
e435a7eb-4f4c-576e-a846-7b7f1cbd33b1,production_date,12,16e eeuw
3a7f5141-a261-51cd-9e13-cef42edb80c3,production_date,12,1859
a8ffc1a2-d2dc-5c69-a88c-537c3aee5a73,production_date,12,1-1973
eac5258f-0939-544d-a7e4-30686c54be72,production_date,12,1981
e3592fe8-4e83-5190-95c9-fb8d17021246,production_date,12,2e millennium
030d2ce6-e55f-59c3-9668-3861abf9d2ca,production_date,12,2e millennium
4cb686cc-e5ea-5ae7-bfd3-db3152c41792,production_date,12,2e millennium
980264d8-6430-51dc-9ad6-3e1ebfee9bb7,production_date,12,2e millennium
934579b1-9a9c-5ae8-b775-40d6b784e31e,production_date,12,2e millennium
de9e1e9e-50da-53ae-8bd2-69020b61c6b7,production_date,12,2e millennium
1e54f53d-980d-5b64-938c-781ec0c3a8da,production_date,12,2e millennium
2d58a8b1-de55-58ef-b294-a8177d2f0f3b,production_date,12,2e millennium
4b2da117-484d-552f-a355-dbac8dc422ca,production_date,12,2e millennium
77a31812-a8bf-5a5e-9602-a4afa46fa190,production_date,12,2e millennium
1952eb15-8fff-53fd-b595-2a71303291ee,production_date,12,2e millennium
22786e32-83ef-5839-9bef-3be58d5026f0,production_date,12,1932
1a290925-bb1e-5c58-acec-b2b0e45d8cab,production_date,12,2e millennium
5f03c18c-3a5a-5000-a149-d82d52c618ee,production_date,12,2e millennium
96ada8ac-1140-5f2d-a551-75cd51aa05c4,production_date,12,2e millennium
4804eb54-843f-51ce-bdcd-39f0f15e41a2,production_date,12,2e millennium
c7b0d9ea-5a52-5dd6-aae0-c9c26b031d42,production_date,12,1925
6fbc1048-421d-509f-9a1a-d0d53b8871ed,production_date,12,2e millennium
456144fa-e419-596b-a85b-4199d87cc70c,production_date,12,2e millennium
26c99875-2c4c-5e5a-a2f6-562bfb9b8f78,production_date,12,1780
71b0fc8e-1429-584e-9b8c-46fe4ede4ed4,production_date,12,1838
fa704555-c4cf-5c62-be74-cea4e42d2708,production_date,12,2e millennium
f3efd385-9156-5ef5-8cd1-5c2a99abe08e,production_date,12,1745
0c871e37-9549-5a39-a97a-e5a5f7818da6,production_date,12,11e eeuw
8e922f4f-88c7-5cf5-90de-ba065fd68940,production_date,12,15e eeuw
6dd60c1f-a4cc-5fab-bf8e-adb34b194e2c,production_date,12,15e eeuw
9e6d2c2f-08ab-53a2-aa28-128edfc346a7,production_date,12,14e eeuw
19291b42-949e-5f13-9ca2-549a759183e3,production_date,12,14e eeuw
a63582a2-d415-5144-805b-8555dd6c9892,production_date,12,17e eeuw
cc43db56-6379-5691-af97-3c7f595fd696,production_date,12,1609
1134fb7e-569f-5421-baf3-40e920eb651d,production_date,12,14e eeuw
b2611e85-988d-5c9a-b6bd-b8a5fbbc33e4,production_date,12,1933
2cb8040d-cc5b-50cf-a40d-a17d08ff3239,production_date,12,2e millennium
d15c22dd-f71e-594a-b84c-e9343b4fa17d,production_date,12,13e eeuw
138d2a3f-874f-5379-9ada-127f53d58250,production_date,12,2e millennium
59f40488-8eb8-5abe-8c8a-98f66beb1fd0,production_date,12,19e eeuw
b706989f-3672-5a4f-9c7e-63027fbf0b30,production_date,12,2017
86a10b32-b551-520d-9c0b-49932a321878,production_date,12,2002
36070917-ed24-5ec3-9987-215e53a303fc,production_date,12,1745
ac3b715f-f34d-5aba-bff4-c6553adcff9f,production_date,12,2e millennium
c4221de4-e61a-51ea-96e1-20c89e0f56c3,production_date,12,19e eeuw
1db58f8e-a612-517f-bb7f-045010651e44,production_date,12,jaren 1840
d0ecaff5-ff3b-5c66-ab20-06703b6639cc,production_date,12,2e millennium
9d29da24-0a1f-532f-ab8a-8551d3fe978a,production_date,12,1814
b98a7b42-7c54-570d-9962-cf9f1b13c5ce,production_date,12,2e millennium
00adaa99-ae32-5765-93f6-8171a8035a53,production_date,12,1540
1fd6b212-dc90-59df-b846-d9e686a6ab29,production_date,12,2e millennium
fa06b1d2-d8be-52e7-8c2a-7145a2c5f3e0,production_date,12,1937
380d1869-1c6b-56f1-9331-32fa6c44f5d9,production_date,12,19e eeuw
c364e082-f519-56d8-9469-f5335d514424,production_date,12,2e millennium
c280046c-2506-502d-8a00-c89cf2f7895f,production_date,12,19e eeuw
e1b5f97f-cb73-5597-9c7b-e02a417effdb,production_date,12,1474
6ca2f373-504b-53bc-8d54-74a61d4aa615,production_date,12,2e millennium
5062461d-b742-5dc4-88eb-b5bce22e6bff,production_date,12,1963
f960b137-8971-5453-9813-7c7b332ca998,production_date,12,2e millennium
894ee6ea-4343-55a8-b91b-46fb48373a0a,production_date,12,2e millennium
84377dda-e9db-5ac6-8b0d-6c69d98274db,production_date,12,2e millennium
b1a679b5-b598-57b4-870f-b48cd17f2791,production_date,12,2e millennium
4a0e9829-aab0-5350-9e20-d628ff6ecff0,production_date,12,2e millennium
8b8e0bc7-26f8-5127-b6c6-425f67664f61,production_date,12,2e millennium
326c61c0-9f51-511e-988d-0c495a9fd49b,production_date,12,2e millennium
1515a8c5-6c5b-590b-a9f0-dac20f18b1ce,production_date,12,2e millennium
8bea2f16-fb0a-5c91-942f-0285b3425679,production_date,12,2e millennium
71d35bb3-3ffb-5451-9d25-9150a35df2d0,production_date,12,2e millennium
8cc9282b-32c4-5df3-a7fe-155c18d30522,production_date,12,2e millennium
ab918664-9693-503e-ac5a-5d53f39cc8de,production_date,12,2e millennium
c6990802-35f7-50a7-85c4-8eab612ece2d,production_date,12,2e millennium
f35e9189-5164-5b94-95d6-ca41ff7524c3,production_date,12,2e millennium
4a3ce70b-2bd5-546e-bcb1-78ac1b60885c,production_date,12,1909
45997dfc-93a0-58e0-92ba-6e32d244194d,production_date,12,2e millennium
faf458a6-f1e8-5086-be0d-2b581fce3c88,production_date,12,2e millennium
61ad2bf7-8eb6-5813-a339-0fe1415c4f65,production_date,12,2e millennium
9b07c835-86db-519a-8ce4-4e549eb27c5e,production_date,12,2e millennium
56243612-3eaf-5643-a49e-bf6263fa4439,production_date,12,2e millennium
e607ab2e-789a-56f2-bfa4-5eb8955b4353,production_date,12,1462
6ee820b0-01c7-5d26-9854-7a1b9fb136ff,production_date,12,2e millennium
811c0abd-5795-5ce4-ae74-e57ac6aefb3e,production_date,12,1546
5436ed04-655d-5cbb-b1cc-1f506fab7e9a,production_date,12,1907
20279144-34cf-5678-9293-4a31588c4d3c,production_date,12,31-10-1654
c4a1ba4d-a8cd-59e4-9a4f-3e8007326760,production_date,12,5-1945
4d68619f-cadf-5f49-8006-6838ceed2db3,production_date,12,1958
bce5858d-48e9-5bf9-a8e1-44d3c0ebf89f,production_date,12,1870
4ca23204-7896-56c6-bcef-52afce2c766f,production_date,12,1930
b195fc68-534d-57bc-bf6b-d510fa13506b,production_date,12,14e eeuw
375294a4-9eb7-5a30-a0e2-db1a17807977,production_date,12,1948
9537b1d3-1f83-5e69-a5bd-594d092d6c88,production_date,12,20e eeuw
685763bc-1741-5e46-9615-704193bb71ce,production_date,12,1803
3543c41e-6ab3-5737-970b-cb980a36c069,production_date,12,1878
7449e01b-53f2-5026-ae5c-b90e98f38884,production_date,12,15e eeuw
ae818332-6405-5bd8-9458-6cc3e13b21a5,production_date,12,19e eeuw
c0ad3f76-61eb-57ad-a28d-1447ca1ce3b2,production_date,12,1941
f54cb8dc-bb7d-5514-9c48-f9085038de2f,production_date,12,1950
8a72e928-8612-56a2-866b-fdad27e79acf,production_date,12,1958
35e224e1-fb46-5a84-b8a6-ea4569341a29,production_date,12,11-2000
458d92ce-6c34-5f30-a21c-1fba6ae09f58,production_date,12,2004
04753a17-1d9d-51a3-a6d2-71e4596f0941,production_date,12,20e eeuw
f02768a3-8162-5808-a7d1-e4f72eb56938,production_date,12,1932
d35fe060-4f60-50f7-9962-90211a14f57f,production_date,12,1939
ecdab4e6-a4e8-57bc-a51b-76ce0f68e160,production_date,12,19e eeuw
ff597f82-521e-535c-9523-8c788c4f01f7,production_date,12,1881
5c398822-5d91-5ff4-9307-7e5c840faa1c,production_date,12,jaren 1720
38a94a8b-fb1a-5e12-b716-4c4d319bedf8,production_date,12,jaren 1460
54db4b61-07e3-55da-bc75-2ccfa69b57dc,production_date,12,1663
c51f1658-7579-5e06-ad10-e7016154445d,production_date,12,8e eeuw
c290af1b-0a81-53a4-a117-1630f279a47c,production_date,12,10e eeuw
a4cb3bdd-f79c-50b3-aa46-7c8b4a1400d1,production_date,12,11e eeuw
78ff4604-aac9-5e8e-811a-fae2153f79ec,production_date,12,1887
3dcb766b-a618-5f68-932b-b49a1c45a67a,production_date,12,20-5-1951
d26b117b-aa20-5397-9af4-62a45b3dbf02,production_date,12,1500
03524bc6-e785-5aa9-b4ef-0266e84348ea,production_date,12,16e eeuw
41954734-115c-552d-9154-ce1a8885a7a5,production_date,12,1962
02b4c92d-8048-5e71-b59d-c5b4546634e9,production_date,12,1464
9d56ccdb-e5a7-5cf5-adb3-1e92c495ca11,production_date,12,1906
2101b1d5-0514-5925-aacf-6baae0f13288,production_date,12,1913
4e390aed-0568-5c50-9e67-802705c5d1bd,production_date,12,1950
c908a7a0-6545-536a-bdf5-661d3bf5a09c,production_date,12,1945
29ff1578-0a8d-580a-b0a9-cc4c13313685,production_date,12,1959
ccf0f13a-4cd2-589a-b36b-5cdcfaa7a702,production_date,12,2e millennium
fc93aac8-dc57-5a72-b2c8-0ef6b2df7c0a,production_date,12,1944
e52b77a6-8237-50ec-ba06-24d10f8f0241,production_date,12,1946
b380b32b-feaf-5463-b923-d4018de6fa29,production_date,12,2e millennium
7860b7e6-4e59-54e6-b601-52b860c4cf88,production_date,12,1235
4584a4af-5c30-5e1c-b31e-832bea08a969,production_date,12,17e eeuw
b50a71df-6e80-54e4-9450-1a6dd6e59de3,production_date,12,1761
f6ee9df8-8051-510f-98f4-2f3ffe726fd8,production_date,12,1647
2c2636ee-a982-51c5-af84-a70b56ec0073,production_date,12,1946
daf6353f-efbc-54cb-81aa-a2575799c8b3,production_date,12,2e millennium
ad42f83b-0b1b-5554-a595-641309697747,production_date,12,1950
6eaeaa33-4da2-571a-8777-2cd8ef73ddbc,production_date,12,1941
7a4f383f-db2e-5fc1-a031-0012c08af9e4,production_date,12,2e millennium
0bb7082a-327d-5330-b6a0-251fd60824b6,production_date,12,1925
3c0561df-ee51-5a2e-b3a1-f59d66571637,production_date,12,1959
e1f67a74-8110-5daa-8a49-3520418b0939,production_date,12,12e eeuw
dd38cca7-3730-574b-a581-fb4afaf7fdbe,production_date,12,16e eeuw
a49b3081-5a70-50b9-bb63-0e1092c58344,production_date,12,15e eeuw
ec0665c5-ed4c-5002-bce1-3cbc20e39b2b,production_date,12,1981
4b86a2b4-aed2-563a-a8be-ec5271503fed,production_date,12,1905
36b79db9-2629-59fd-ae63-feb9d97c0fb7,production_date,12,2004
888bacab-f8bd-50dc-8123-0bb107f91f04,production_date,12,1948
50d1f094-6b08-58af-86d6-a8fd6fbf34a5,production_date,12,20e eeuw
77eff9d0-0777-5852-a4fa-8a89b10654a2,production_date,12,1941
ca6219e8-e960-5554-9459-7476b8e81bf0,production_date,12,1914
c9ae6740-f457-59a8-b253-6a3663dd12ee,production_date,12,1561
64652f85-55c5-549d-a739-f52aaf3a506c,production_date,12,1376
0ac19b89-af1b-5d1c-b9a7-87a92d2cde1c,production_date,12,16e eeuw
